0x010018300D006000,65536,"BOXBOY! + BOXGIRL!"
0x01004D300C5AE000,0,"Kirby and the Forgotten Land"
0x01006A800016E000,1900544,"Super Smash Bros. Ultimate"
0x01006A800016F001,65536,"Super Smash Bros. Ultimate DLC 1"
0x01006A800016F002,65536,"Super Smash Bros. Ultimate DLC 2"
0x01006A800016F003,131072,"Super Smash Bros. Ultimate DLC 3"
0x01006A800016F004,131072,"Super Smash Bros. Ultimate DLC 4"
0x01006A800016F005,131072,"Super Smash Bros. Ultimate DLC 5"
0x01006A800016F006,131072,"Super Smash Bros. Ultimate DLC 6"
0x01006A800016F007,65536,"Super Smash Bros. Ultimate DLC 7"
0x01006A800016F008,65536,"Super Smash Bros. Ultimate DLC 8"
0x01006A800016F009,131072,"Super Smash Bros. Ultimate DLC 9"
0x01006A800016F00A,65536,"Super Smash Bros. Ultimate DLC 10"
0x01006A800016F00B,65536,"Super Smash Bros. Ultimate DLC 11"
0x01006A800016F00C,65536,"Super Smash Bros. Ultimate DLC 12"
0x01006A800016F015,65536,"Super Smash Bros. Ultimate DLC 21"
0x01006A800016F016,0,"Super Smash Bros. Ultimate DLC 22"
0x01006A800016F01F,0,"Super Smash Bros. Ultimate DLC 31"
0x01006A800016F020,0,"Super Smash Bros. Ultimate DLC 32"
0x01006A800016F021,0,"Super Smash Bros. Ultimate DLC 33"
0x01006A800016F022,0,"Super Smash Bros. Ultimate DLC 34"
0x01006A800016F023,0,"Super Smash Bros. Ultimate DLC 35"
0x01006A800016F024,0,"Super Smash Bros. Ultimate DLC 36"
0x01006A800016F025,0,"Super Smash Bros. Ultimate DLC 37"
0x01006A800016F026,0,"Super Smash Bros. Ultimate DLC 38"
0x01006A800016F027,0,"Super Smash Bros. Ultimate DLC 39"
0x01006A800016F028,0,"Super Smash Bros. Ultimate DLC 40"
0x01006A800016F029,0,"Super Smash Bros. Ultimate DLC 41"
0x01006A800016F02A,0,"Super Smash Bros. Ultimate DLC 42"
0x01006A800016F02B,0,"Super Smash Bros. Ultimate DLC 43"
0x01006A800016F02C,0,"Super Smash Bros. Ultimate DLC 44"
0x01006A800016F02D,0,"Super Smash Bros. Ultimate DLC 45"
0x01006A800016F02E,0,"Super Smash Bros. Ultimate DLC 46"
0x01006A800016F02F,0,"Super Smash Bros. Ultimate DLC 47"
0x01006A800016F030,0,"Super Smash Bros. Ultimate DLC 48"
0x01006A800016F031,0,"Super Smash Bros. Ultimate DLC 49"
0x01006A800016F032,0,"Super Smash Bros. Ultimate DLC 50"
0x01006A800016F033,0,"Super Smash Bros. Ultimate DLC 51"
0x01006A800016F034,0,"Super Smash Bros. Ultimate DLC 52"
0x01006A800016F035,0,"Super Smash Bros. Ultimate DLC 53"
0x01006A800016F036,0,"Super Smash Bros. Ultimate DLC 54"
0x01006A800016F037,0,"Super Smash Bros. Ultimate DLC 55"
0x01006A800016F038,0,"Super Smash Bros. Ultimate DLC 56"
0x01006A800016F039,0,"Super Smash Bros. Ultimate DLC 57"
0x01006A800016F03A,0,"Super Smash Bros. Ultimate DLC 58"
0x01006A800016F03B,0,"Super Smash Bros. Ultimate DLC 59"
0x01006A800016F03C,0,"Super Smash Bros. Ultimate DLC 60"
0x01006A800016F03D,0,"Super Smash Bros. Ultimate DLC 61"
0x01006A800016F03E,0,"Super Smash Bros. Ultimate DLC 62"
0x01006A800016F03F,0,"Super Smash Bros. Ultimate DLC 63"
0x01006A800016F040,0,"Super Smash Bros. Ultimate DLC 64"
0x01006A800016F041,0,"Super Smash Bros. Ultimate DLC 65"
0x01006A800016F042,0,"Super Smash Bros. Ultimate DLC 66"
0x01006A800016F043,0,"Super Smash Bros. Ultimate DLC 67"
0x01006A800016F044,0,"Super Smash Bros. Ultimate DLC 68"
0x01006A800016F045,0,"Super Smash Bros. Ultimate DLC 69"
0x01006A800016F046,0,"Super Smash Bros. Ultimate DLC 70"
0x01006A800016F047,0,"Super Smash Bros. Ultimate DLC 71"
0x01006A800016F048,0,"Super Smash Bros. Ultimate DLC 72"
0x01006A800016F049,0,"Super Smash Bros. Ultimate DLC 73"
0x01006A800016F04A,0,"Super Smash Bros. Ultimate DLC 74"
0x01006A800016F04B,0,"Super Smash Bros. Ultimate DLC 75"
0x01006A800016F04C,0,"Super Smash Bros. Ultimate DLC 76"
0x01006A800016F04D,0,"Super Smash Bros. Ultimate DLC 77"
0x01006A800016F04E,0,"Super Smash Bros. Ultimate DLC 78"
0x01006A800016F04F,0,"Super Smash Bros. Ultimate DLC 79"
0x01006A800016F050,0,"Super Smash Bros. Ultimate DLC 80"
0x01006A800016F051,0,"Super Smash Bros. Ultimate DLC 81"
0x01006A800016F052,0,"Super Smash Bros. Ultimate DLC 82"
0x01006A800016F065,0,"Super Smash Bros. Ultimate DLC 101"
0x01006A800016F066,0,"Super Smash Bros. Ultimate DLC 102"
0x01006A800016F067,0,"Super Smash Bros. Ultimate DLC 103"
0x01006A800016F068,0,"Super Smash Bros. Ultimate DLC 104"
0x01006A800016F069,0,"Super Smash Bros. Ultimate DLC 105"
0x01006A800016F06A,0,"Super Smash Bros. Ultimate DLC 106"
0x01006A800016F06B,0,"Super Smash Bros. Ultimate DLC 107"
0x01006A800016F06C,0,"Super Smash Bros. Ultimate DLC 108"
0x01006A800016F06D,0,"Super Smash Bros. Ultimate DLC 109"
0x01006A800016F06E,0,"Super Smash Bros. Ultimate DLC 110"
0x01006A800016F06F,0,"Super Smash Bros. Ultimate DLC 111"
0x01006A800016F070,0,"Super Smash Bros. Ultimate DLC 112"
0x01006A800016F071,0,"Super Smash Bros. Ultimate DLC 113"
0x01006A800016F072,0,"Super Smash Bros. Ultimate DLC 114"
0x01006A800016F073,0,"Super Smash Bros. Ultimate DLC 115"
0x01006A800016F077,0,"Super Smash Bros. Ultimate DLC 119"
0x01006A800016F078,0,"Super Smash Bros. Ultimate DLC 120"
0x01006A800016F079,0,"Super Smash Bros. Ultimate DLC 121"
0x01006A800016F07A,0,"Super Smash Bros. Ultimate DLC 122"
0x01006A800016F07B,0,"Super Smash Bros. Ultimate DLC 123"
0x01006A800016F07C,0,"Super Smash Bros. Ultimate DLC 124"
0x01006A800016F07D,0,"Super Smash Bros. Ultimate DLC 125"
0x01006A800016F07E,0,"Super Smash Bros. Ultimate DLC 126"
0x01006A800016F07F,0,"Super Smash Bros. Ultimate DLC 127"
0x01006A800016F080,0,"Super Smash Bros. Ultimate DLC 128"
0x01006A800016F081,0,"Super Smash Bros. Ultimate DLC 129"
0x01006A800016F082,0,"Super Smash Bros. Ultimate DLC 130"
0x01006A800016F083,0,"Super Smash Bros. Ultimate DLC 131"
0x01006A800016F084,0,"Super Smash Bros. Ultimate DLC 132"
0x01006A800016F085,0,"Super Smash Bros. Ultimate DLC 133"
0x01006A800016F086,0,"Super Smash Bros. Ultimate DLC 134"
0x01006A800016F087,0,"Super Smash Bros. Ultimate DLC 135"
0x01006A800016F088,0,"Super Smash Bros. Ultimate DLC 136"
0x010045B018EC2000,0,"WarioWare Move It!"
0x0100152000022000,1245184,"Mario Kart 8 Deluxe"
0x0100152000023001,65536,"Mario Kart 8 Deluxe DLC 1"
0x010090100E334000,1114112,"Don't Starve Together"
0x0100965017338000,131072,"Super Mario Party Jamboree"
0x0100BBF0027EC000,131072,"ULTRA STREET FIGHTER™ II The Final Challengers"
0x010049900F546000,196608,"Super Mario 3D All-Stars"
0x0100C1F0051B6000,131072,"Donkey Kong Country Tropical Freeze"
0x010035101E1CC000,851968,"PICO PARK 2"
0x01002E7016C46000,1376256,"Cult of the Lamb"
0x01002E7016C47001,0,"Cult of the Lamb DLC 1"
0x01002E7016C47002,0,"Cult of the Lamb DLC 2"
0x01002E7016C47003,0,"Cult of the Lamb DLC 3"
0x01002E7016C47004,0,"Cult of the Lamb DLC 4"
0x01002E7016C47005,0,"Cult of the Lamb DLC 5"
0x0100A5C00D162000,655360,"Cuphead"
0x0100A5C00D163001,0,"Cuphead DLC 1"
0x0100787014460000,131072,"Nobody Saves the World"
0x0100787014461001,0,"Nobody Saves the World DLC 1"
0x010085900337E000,262144,"Death Squared"
0x01009C8009026000,0,"LIMBO"
0x0100F28011892000,720896,"Overcooked! All You Can Eat"
0x0100F28011893001,0,"Overcooked! All You Can Eat DLC 1"
0x010008900BC5A000,327680,"DYSMANTLE"
0x010008900BC5B001,0,"DYSMANTLE DLC 1"
0x010008900BC5B002,0,"DYSMANTLE DLC 2"
0x010008900BC5B003,0,"DYSMANTLE DLC 3"
0x0100300012F2A000,0,"Advance Wars 1+2 Re-Boot Camp"
0x010057D0021E8000,458752,"Shovel Knight Treasure Trove"
0x010089A0197E4000,1114112,"Vampire Survivors"
0x010089A0197E5001,720896,"Vampire Survivors DLC 1"
0x010089A0197E5002,720896,"Vampire Survivors DLC 2"
0x010089A0197E5003,458752,"Vampire Survivors DLC 3"
0x010089A0197E5004,262144,"Vampire Survivors DLC 4"
0x010089A0197E5005,262144,"Vampire Survivors DLC 5"
0x01004BA0110D6000,65536,"Hidden in Plain Sight"
0x01009D60076F6000,1048576,"Enter the Gungeon"
0x01000C901B9D6000,327680,"Hole io"
0x01000C901B9D7001,0,"Hole io DLC 1"
0x01000C901B9D7002,0,"Hole io DLC 2"
0x01000C901B9D7003,0,"Hole io DLC 3"
0x01002B00111A2000,327680,"Hyrule Warriors Age of Calamity"
0x01002B00111A3001,0,"Hyrule Warriors Age of Calamity DLC 1"
0x01002B00111A3002,0,"Hyrule Warriors Age of Calamity DLC 2"
0x01002B00111A3003,0,"Hyrule Warriors Age of Calamity DLC 3"
0x01002B00111A3004,0,"Hyrule Warriors Age of Calamity DLC 4"
0x0100D71004694000,7602176,"Minecraft"
0x01006C100EC08000,1769472,"Minecraft Dungeons"
0x01006C100EC09001,0,"Minecraft Dungeons DLC 1"
0x01006C100EC09002,0,"Minecraft Dungeons DLC 2"
0x01006C100EC09003,0,"Minecraft Dungeons DLC 3"
0x01006C100EC09004,0,"Minecraft Dungeons DLC 4"
0x01006C100EC09005,0,"Minecraft Dungeons DLC 5"
0x01006C100EC09006,0,"Minecraft Dungeons DLC 6"
0x01006C100EC09007,0,"Minecraft Dungeons DLC 7"
0x010028600EBDA000,65536,"Super Mario 3D World + Bowser's Fury"
0x01004EA00DF70000,327680,"PICO PARK"
0x01006FE013472000,131072,"Mario Party Superstars"
0x0100D58012E12000,458752,"Gang Beasts"
0x01002EF01A316000,327680,"Brotato"
0x0100309016E7A000,589824,"Demon Slayer -Kimetsu no Yaiba- The Hinokami Chronicles"
0x0100309016E7B001,0,"Demon Slayer -Kimetsu no Yaiba- The Hinokami Chronicles DLC 1"
0x0100309016E7B002,0,"Demon Slayer -Kimetsu no Yaiba- The Hinokami Chronicles DLC 2"
0x0100309016E7B003,0,"Demon Slayer -Kimetsu no Yaiba- The Hinokami Chronicles DLC 3"
0x0100309016E7B005,0,"Demon Slayer -Kimetsu no Yaiba- The Hinokami Chronicles DLC 5"
0x0100309016E7B006,0,"Demon Slayer -Kimetsu no Yaiba- The Hinokami Chronicles DLC 6"
0x0100309016E7B007,0,"Demon Slayer -Kimetsu no Yaiba- The Hinokami Chronicles DLC 7"
0x0100309016E7B008,0,"Demon Slayer -Kimetsu no Yaiba- The Hinokami Chronicles DLC 8"
0x0100309016E7B009,0,"Demon Slayer -Kimetsu no Yaiba- The Hinokami Chronicles DLC 9"
0x0100309016E7B00A,0,"Demon Slayer -Kimetsu no Yaiba- The Hinokami Chronicles DLC 10"
0x0100309016E7B00B,0,"Demon Slayer -Kimetsu no Yaiba- The Hinokami Chronicles DLC 11"
0x0100D4F00DD02000,655360,"DOOM 2"
0x0100563010E0C000,0,"WarioWare Get It Together!"
0x01007BA01B9B2000,65536,"Pummel Party"
0x010075001CDAA000,65536,"Tools Up! Ultimate Edition"
0x010082400BCC6000,458752,"Untitled Goose Game"
0x0100E1901B5B8000,65536,"Johnny Trigger Sniper"
0x0100E09009600000,0,"ibb & obb"
0x0100F9301B30C000,327680,"Umamusume Pretty Derby – Party Dash"
0x010081A00EE62000,1245184,"Boomerang Fu"
0x010081A00EE63001,720896,"Boomerang Fu DLC 1"
0x010081A00EE63002,0,"Boomerang Fu DLC 2"
0x010015100B514000,65536,"Super Mario Bros. Wonder"
0x0100DCA0064A6000,327680,"Luigi's Mansion 3"
0x0100DCA0064A7001,131072,"Luigi's Mansion 3 DLC 1"
0x0100DCA0064A7002,65536,"Luigi's Mansion 3 DLC 2"
0x0100E5D00CC0C000,65536,"Unravel TWO"
0x01000CA004DCA000,1441792,"Human Fall Flat"
0x01000CA004DCB001,0,"Human Fall Flat DLC 1"
0x01000CA004DCB002,0,"Human Fall Flat DLC 2"
0x010059301E612000,327680,"Hot Lap Racing"
0x0100E0601C632000,65536,"Nintendo 64 – Nintendo Switch Online Mature"
0x01001AE005166000,262144,"Worms W.M.D"
0x0100AD10185F8000,131072,"Nintendo World Championships NES Edition"
0x0100183010F12000,458752,"JUMP FORCE Deluxe Edition"
0x0100183010F13065,0,"JUMP FORCE Deluxe Edition DLC 101"
0x0100183010F1306C,0,"JUMP FORCE Deluxe Edition DLC 108"
0x0100183010F130D2,0,"JUMP FORCE Deluxe Edition DLC 210"
0x0100183010F130D3,0,"JUMP FORCE Deluxe Edition DLC 211"
0x0100183010F130D4,0,"JUMP FORCE Deluxe Edition DLC 212"
0x0100183010F130D5,0,"JUMP FORCE Deluxe Edition DLC 213"
0x0100183010F130D6,0,"JUMP FORCE Deluxe Edition DLC 214"
0x0100A250097F0000,1441792,"DRAGON BALL FighterZ"
0x0100A250097F1001,0,"DRAGON BALL FighterZ DLC 1"
0x0100A250097F1002,0,"DRAGON BALL FighterZ DLC 2"
0x0100A250097F1003,0,"DRAGON BALL FighterZ DLC 3"
0x0100A250097F1004,0,"DRAGON BALL FighterZ DLC 4"
0x0100A250097F1005,0,"DRAGON BALL FighterZ DLC 5"
0x0100A250097F1006,0,"DRAGON BALL FighterZ DLC 6"
0x0100A250097F1007,0,"DRAGON BALL FighterZ DLC 7"
0x0100A250097F1008,0,"DRAGON BALL FighterZ DLC 8"
0x0100A250097F1009,0,"DRAGON BALL FighterZ DLC 9"
0x0100A250097F100A,0,"DRAGON BALL FighterZ DLC 10"
0x0100A250097F100B,0,"DRAGON BALL FighterZ DLC 11"
0x0100A250097F100C,0,"DRAGON BALL FighterZ DLC 12"
0x0100A250097F100D,0,"DRAGON BALL FighterZ DLC 13"
0x0100A250097F100E,0,"DRAGON BALL FighterZ DLC 14"
0x0100A250097F100F,0,"DRAGON BALL FighterZ DLC 15"
0x0100A250097F1010,0,"DRAGON BALL FighterZ DLC 16"
0x0100A250097F1011,0,"DRAGON BALL FighterZ DLC 17"
0x0100A250097F1012,0,"DRAGON BALL FighterZ DLC 18"
0x0100A250097F1013,0,"DRAGON BALL FighterZ DLC 19"
0x0100A250097F1014,0,"DRAGON BALL FighterZ DLC 20"
0x0100A250097F1015,0,"DRAGON BALL FighterZ DLC 21"
0x0100A250097F1016,65536,"DRAGON BALL FighterZ DLC 22"
0x0100A250097F1017,0,"DRAGON BALL FighterZ DLC 23"
0x0100A250097F1018,0,"DRAGON BALL FighterZ DLC 24"
0x0100A250097F1019,0,"DRAGON BALL FighterZ DLC 25"
0x0100A250097F101A,65536,"DRAGON BALL FighterZ DLC 26"
0x0100A250097F101B,65536,"DRAGON BALL FighterZ DLC 27"
0x0100A250097F101C,65536,"DRAGON BALL FighterZ DLC 28"
0x0100A250097F101D,0,"DRAGON BALL FighterZ DLC 29"
0x0100A250097F101E,0,"DRAGON BALL FighterZ DLC 30"
0x0100A250097F101F,0,"DRAGON BALL FighterZ DLC 31"
0x0100A250097F1020,0,"DRAGON BALL FighterZ DLC 32"
0x0100A250097F1021,0,"DRAGON BALL FighterZ DLC 33"
0x0100A250097F1022,0,"DRAGON BALL FighterZ DLC 34"
0x0100F2C0115B6000,393216,"The Legend of Zelda Tears of the Kingdom"
0x0100BDE008218000,262144,"Hotshot Racing"
0x0100BDE00862A000,786432,"Mario Tennis Aces"
0x0100FCF002A58000,1179648,"Ultimate Chicken Horse"
0x0100704000B3A000,65536,"Snipperclips"
0x0100704000B3B001,0,"Snipperclips DLC 1"
0x01008D400A584000,131072,"Keep Talking and Nobody Explodes"
0x0100E65002BB8000,983040,"Stardew Valley"
0x010006501A8D8000,0,"NBA 2K24"
0x0100800015926000,1441792,"Suika Game"
0x0100800015927001,0,"Suika Game DLC 1"
0x010080001592700D,0,"Suika Game DLC 13"
0x010080001592700E,0,"Suika Game DLC 14"
0x0100AA80194B0000,65536,"Pikmin 1"
0x01000320000CC000,65536,"1-2-Switch"
0x0100230005A52000,262144,"Lovers in a Dangerous Spacetime"
0x0100622009FB0000,196608,"Stick Fight The Game"
0x0500F7800A434000,0,"Drawful 2"
0x0100AF401B6A4000,65536,"Bread & Fred"
0x0100A7101B806000,524288,"Demon Slayer -Kimetsu no Yaiba- Sweep the Board!"
0x0100A7101B807001,0,"Demon Slayer -Kimetsu no Yaiba- Sweep the Board! DLC 1"
0x0100A7101B807002,0,"Demon Slayer -Kimetsu no Yaiba- Sweep the Board! DLC 2"
0x0100BA001821A000,262144,"IGS Classic Arcade Collection"
0x01009C001FDFC000,0,"Crazy Stars Sport Climbing"
0x01005FF002E2A000,131072,"Rayman Legends Definitive Edition"
0x010096001C25C000,131072,"Crossy Road Castle"
0x0100A21007FFA000,65536,"SteamWorld Heist Ultimate Edition"
0x0100BBF011394000,393216,"Dicey Dungeons"
0x0100B0500FE4E000,0,"Good Job!"
0x0100750001C70000,262144,"Duck Game"
0x0100830008426000,851968,"Just Shapes & Beats"
0x0100C53004C52000,131072,"Flat Heroes"
0x01009BF0072D4000,196608,"Captain Toad Treasure Tracker"
0x01009BF0072D5001,65536,"Captain Toad Treasure Tracker DLC 1"
0x01009BF0072D5002,0,"Captain Toad Treasure Tracker DLC 2"
0x01005CF01E784000,262144,"Teenage Mutant Ninja Turtles Splintered Fate"
0x010045501E386000,196608,"Ultra Foodmess 2"
0x0100B5A0171CC000,65536,"Toodee and Topdee"
0x0100A8E016236000,0,"Kirby's Dream Buffet"
0x01006B601380E000,0,"Kirby’s Return to Dream Land Deluxe"
0x010015F005C8E000,131072,"Tricky Towers"
0x010015F005C8F001,0,"Tricky Towers DLC 1"
0x010015F005C8F002,0,"Tricky Towers DLC 2"
0x010015F005C8F003,0,"Tricky Towers DLC 3"
0x010015F005C8F004,0,"Tricky Towers DLC 4"
0x010015F005C8F005,0,"Tricky Towers DLC 5"
0x010015F005C8F006,0,"Tricky Towers DLC 6"
0x010004D00D32A000,65536,"Zombieland Double Tap - Road Trip"
0x0100B8B013310000,65536,"Dadish"
0x010012F017576000,655360,"Game Boy Advance – Nintendo Switch Online"
0x01008FE00E2F6000,589824,"ONE PIECE PIRATE WARRIORS 4"
0x01008FE00E2F7001,0,"ONE PIECE PIRATE WARRIORS 4 DLC 1"
0x01008FE00E2F7002,0,"ONE PIECE PIRATE WARRIORS 4 DLC 2"
0x01008FE00E2F7003,0,"ONE PIECE PIRATE WARRIORS 4 DLC 3"
0x01008FE00E2F7004,0,"ONE PIECE PIRATE WARRIORS 4 DLC 4"
0x01008FE00E2F7005,0,"ONE PIECE PIRATE WARRIORS 4 DLC 5"
0x01008FE00E2F7006,0,"ONE PIECE PIRATE WARRIORS 4 DLC 6"
0x01008FE00E2F7008,0,"ONE PIECE PIRATE WARRIORS 4 DLC 8"
0x01008FE00E2F7009,0,"ONE PIECE PIRATE WARRIORS 4 DLC 9"
0x01008FE00E2F700A,0,"ONE PIECE PIRATE WARRIORS 4 DLC 10"
0x01008FE00E2F700B,0,"ONE PIECE PIRATE WARRIORS 4 DLC 11"
0x01008FE00E2F700C,0,"ONE PIECE PIRATE WARRIORS 4 DLC 12"
0x01008FE00E2F7014,65536,"ONE PIECE PIRATE WARRIORS 4 DLC 20"
0x01008FE00E2F7015,65536,"ONE PIECE PIRATE WARRIORS 4 DLC 21"
0x01008FE00E2F7016,65536,"ONE PIECE PIRATE WARRIORS 4 DLC 22"
0x01008FE00E2F7017,0,"ONE PIECE PIRATE WARRIORS 4 DLC 23"
0x01008FE00E2F7018,0,"ONE PIECE PIRATE WARRIORS 4 DLC 24"
0x01008FE00E2F7019,0,"ONE PIECE PIRATE WARRIORS 4 DLC 25"
0x01008FE00E2F701A,0,"ONE PIECE PIRATE WARRIORS 4 DLC 26"
0x01008FE00E2F701B,0,"ONE PIECE PIRATE WARRIORS 4 DLC 27"
0x01008FE00E2F701C,0,"ONE PIECE PIRATE WARRIORS 4 DLC 28"
0x01008FE00E2F701D,0,"ONE PIECE PIRATE WARRIORS 4 DLC 29"
0x01001B601CDFA000,65536,"Geometric Brothers"
0x0100FE701475A000,589824,"Teenage Mutant Ninja Turtles Shredder's Revenge"
0x0100FE701475B001,0,"Teenage Mutant Ninja Turtles Shredder's Revenge DLC 1"
0x0100FE701475B002,0,"Teenage Mutant Ninja Turtles Shredder's Revenge DLC 2"
0x0100CC00102B4000,196608,"Tony Hawk’s™ Pro Skater™ 1 + 2"
0x0100CC00102B5001,65536,"Tony Hawk’s™ Pro Skater™ 1 + 2 DLC 1"
0x0100CC00102B5003,65536,"Tony Hawk’s™ Pro Skater™ 1 + 2 DLC 3"
0x0100CC00102B5004,65536,"Tony Hawk’s™ Pro Skater™ 1 + 2 DLC 4"
0x0100C8B00C4AE000,0,"SpeedRunners"
0x0100C8B00C4AF001,65536,"SpeedRunners DLC 1"
0x0100C8B00C4AF002,65536,"SpeedRunners DLC 2"
0x0100C8B00C4AF003,65536,"SpeedRunners DLC 3"
0x0100C8B00C4AF004,65536,"SpeedRunners DLC 4"
0x0100C8B00C4AF005,65536,"SpeedRunners DLC 5"
0x010017A01AAB8000,786432,"Ember Knights"
0x010017A01AAB9001,0,"Ember Knights DLC 1"
0x0100380017D3E000,655360,"DNF Duel"
0x0100380017D3F001,0,"DNF Duel DLC 1"
0x0100380017D3F002,0,"DNF Duel DLC 2"
0x0100380017D3F003,0,"DNF Duel DLC 3"
0x0100380017D3F004,0,"DNF Duel DLC 4"
0x0100380017D3F005,0,"DNF Duel DLC 5"
0x01003AB00983C000,196608,"Lethal League Blaze"
0x01003AB00983D00A,0,"Lethal League Blaze DLC 10"
0x01003AB00983D014,0,"Lethal League Blaze DLC 20"
0x01003AB00983D01E,0,"Lethal League Blaze DLC 30"
0x01003AB00983D028,0,"Lethal League Blaze DLC 40"
0x01003AB00983D032,0,"Lethal League Blaze DLC 50"
0x01003AB00983D03C,0,"Lethal League Blaze DLC 60"
0x01003AB00983D046,0,"Lethal League Blaze DLC 70"
0x01003AB00983D050,0,"Lethal League Blaze DLC 80"
0x01003AB00983D05A,0,"Lethal League Blaze DLC 90"
0x01003AB00983D064,0,"Lethal League Blaze DLC 100"
0x01003AB00983D06E,0,"Lethal League Blaze DLC 110"
0x01003AB00983D078,0,"Lethal League Blaze DLC 120"
0x01003AB00983D082,0,"Lethal League Blaze DLC 130"
0x010031F019294000,262144,"Super Monkey Ball Banana Rumble"
0x010031F019295001,0,"Super Monkey Ball Banana Rumble DLC 1"
0x010031F019295002,0,"Super Monkey Ball Banana Rumble DLC 2"
0x010031F019295003,0,"Super Monkey Ball Banana Rumble DLC 3"
0x010031F019295004,0,"Super Monkey Ball Banana Rumble DLC 4"
0x010031F019295005,0,"Super Monkey Ball Banana Rumble DLC 5"
0x010031F019295006,0,"Super Monkey Ball Banana Rumble DLC 6"
0x010031F019295007,0,"Super Monkey Ball Banana Rumble DLC 7"
0x010031F019295008,0,"Super Monkey Ball Banana Rumble DLC 8"
0x010031F019295009,0,"Super Monkey Ball Banana Rumble DLC 9"
0x010031F01929500A,0,"Super Monkey Ball Banana Rumble DLC 10"
0x010031F01929500B,0,"Super Monkey Ball Banana Rumble DLC 11"
0x010031F01929500C,0,"Super Monkey Ball Banana Rumble DLC 12"
0x010031F01929500D,0,"Super Monkey Ball Banana Rumble DLC 13"
0x010031F01929500E,0,"Super Monkey Ball Banana Rumble DLC 14"
0x010031F01929500F,0,"Super Monkey Ball Banana Rumble DLC 15"
0x010031F019295010,0,"Super Monkey Ball Banana Rumble DLC 16"
0x010031F019295011,0,"Super Monkey Ball Banana Rumble DLC 17"
0x010031F019295012,0,"Super Monkey Ball Banana Rumble DLC 18"
0x010031F019295013,0,"Super Monkey Ball Banana Rumble DLC 19"
0x010031F019295014,0,"Super Monkey Ball Banana Rumble DLC 20"
0x010031F019295015,0,"Super Monkey Ball Banana Rumble DLC 21"
0x010031F019295016,0,"Super Monkey Ball Banana Rumble DLC 22"
0x010031F019295017,0,"Super Monkey Ball Banana Rumble DLC 23"
0x010031F019295018,0,"Super Monkey Ball Banana Rumble DLC 24"
0x010031F019295019,0,"Super Monkey Ball Banana Rumble DLC 25"
0x010031F01929501A,0,"Super Monkey Ball Banana Rumble DLC 26"
0x010031F01929501B,0,"Super Monkey Ball Banana Rumble DLC 27"
0x010031F01929501C,0,"Super Monkey Ball Banana Rumble DLC 28"
0x010031F01929501D,0,"Super Monkey Ball Banana Rumble DLC 29"
0x010031F01929501E,0,"Super Monkey Ball Banana Rumble DLC 30"
0x010031F019295022,0,"Super Monkey Ball Banana Rumble DLC 34"
0x010031F019295023,0,"Super Monkey Ball Banana Rumble DLC 35"
0x010031F019295024,0,"Super Monkey Ball Banana Rumble DLC 36"
0x010031F019295025,0,"Super Monkey Ball Banana Rumble DLC 37"
0x0100739018020000,1048576,"LEGO® 2K Drive"
0x0100739018021001,0,"LEGO® 2K Drive DLC 1"
0x0100739018021002,0,"LEGO® 2K Drive DLC 2"
0x0100739018021003,0,"LEGO® 2K Drive DLC 3"
0x0100739018021004,0,"LEGO® 2K Drive DLC 4"
0x0100739018021005,0,"LEGO® 2K Drive DLC 5"
0x0100739018021006,0,"LEGO® 2K Drive DLC 6"
0x0100739018021007,0,"LEGO® 2K Drive DLC 7"
0x010073901802100A,0,"LEGO® 2K Drive DLC 10"
0x010073901802100B,0,"LEGO® 2K Drive DLC 11"
0x010073901802100C,0,"LEGO® 2K Drive DLC 12"
0x010073901802100D,0,"LEGO® 2K Drive DLC 13"
0x010073901802100E,0,"LEGO® 2K Drive DLC 14"
0x010073901802100F,0,"LEGO® 2K Drive DLC 15"
0x010039F01AF5A000,917504,"Trombone Champ"
0x0100F4C009322000,131072,"Pikmin 3 Deluxe"
0x0100A1C00359C000,262144,"TowerFall"
0x0100AF500EF0C000,393216,"Windjammers 2"
0x010010401BC1A000,196608,"Double Dragon Gaiden  Rise of the Dragons"
0x0100C62011050000,1114112,"Game Boy – Nintendo Switch Online"
0x0100ADD00E17E000,524288,"Heave Ho"
0x0100001019F6E000,458752,"Horizon Chase 2"
0x010061F01DB7C000,196608,"World Of Goo 2"
0x0100EC9010258000,458752,"Streets of Rage 4"
0x0100EC9010259001,0,"Streets of Rage 4 DLC 1"
0x0100E2600DBAA000,458752,"Haven"
0x0100D5A01BA1A000,0,"Neo Sprint"
0x010024C001224000,65536,"PAC-MAN CHAMPIONSHIP EDITION 2 PLUS"
0x0100DFC01D57A000,65536,"Worms Armageddon Anniversary Edition"
0x0100B8E00359E000,131072,"Party Golf"
0x0100E8C0199C2000,262144,"DOKAPON KiNGDOM CONNECT"
0x01006F900BF8E000,65536,"Everybody 1-2-Switch!"
0x0100B99019412000,65536,"Mario vs. Donkey Kong"
0x0100B3C014BDA000,655360,"SEGA Mega Drive - Nintendo Switch Online"
0x0100423009358000,524288,"Death Road to Canada"
0x010007D00D43A000,196608,"Serious Sam Collection"
0x0100B87017D94000,327680,"SUPER BOMBERMAN R 2"
0x0100DD30110CC000,327680,"Exit the Gungeon"
0x0100BD400DC52000,983040,"Spiritfarer"
0x0100C2500FC20000,1966080,"Splatoon 3"
0x010079300AD54000,327680,"Full Metal Furies"
0x010048701995E000,0,"Luigi’s Mansion 2 HD"
0x0100B28014132000,196608,"SAMURAI WARRIORS 5"
0x0100B28014133001,0,"SAMURAI WARRIORS 5 DLC 1"
0x0100B28014133002,0,"SAMURAI WARRIORS 5 DLC 2"
0x0100B28014133003,0,"SAMURAI WARRIORS 5 DLC 3"
0x0100B28014133004,0,"SAMURAI WARRIORS 5 DLC 4"
0x0100B28014133007,0,"SAMURAI WARRIORS 5 DLC 7"
0x0100B28014133008,0,"SAMURAI WARRIORS 5 DLC 8"
0x0100B28014133042,0,"SAMURAI WARRIORS 5 DLC 66"
0x0100B28014133043,0,"SAMURAI WARRIORS 5 DLC 67"
0x0100B28014133044,0,"SAMURAI WARRIORS 5 DLC 68"
0x0100B28014133045,0,"SAMURAI WARRIORS 5 DLC 69"
0x0100B28014133046,0,"SAMURAI WARRIORS 5 DLC 70"
0x0100B28014133047,0,"SAMURAI WARRIORS 5 DLC 71"
0x0100B28014133065,0,"SAMURAI WARRIORS 5 DLC 101"
0x0100B28014133066,0,"SAMURAI WARRIORS 5 DLC 102"
0x0100B28014133067,0,"SAMURAI WARRIORS 5 DLC 103"
0x0100B28014133068,0,"SAMURAI WARRIORS 5 DLC 104"
0x0100B28014133069,0,"SAMURAI WARRIORS 5 DLC 105"
0x0100B280141330A1,0,"SAMURAI WARRIORS 5 DLC 161"
0x0100B280141330A2,0,"SAMURAI WARRIORS 5 DLC 162"
0x0100B280141330A3,0,"SAMURAI WARRIORS 5 DLC 163"
0x0100B280141330A4,0,"SAMURAI WARRIORS 5 DLC 164"
0x0100B280141330A5,0,"SAMURAI WARRIORS 5 DLC 165"
0x0100B280141330A6,0,"SAMURAI WARRIORS 5 DLC 166"
0x0100B280141330E1,0,"SAMURAI WARRIORS 5 DLC 225"
0x0100B280141330E2,0,"SAMURAI WARRIORS 5 DLC 226"
0x0100284007D6C000,131072,"Super One More Jump"
0x010079A015976000,262144,"Oddballers"
0x0100D7000C2C6000,131072,"Katamari Damacy REROLL"
0x01002D20103E0000,131072,"Tower of Babel - no mercy"
0x0100CA9002322000,196608,"SteamWorld Dig 2"
0x0100E2701A888000,327680,"Trine 5 A Clockwork Conspiracy"
0x0100BA101C76C000,0,"Kumi-Daiko Beatoff"
0x0100B7000D89E000,393216,"Knights and Bikes"
0x01007E3006DDA000,327680,"Kirby Star Allies"
0x01007F2019132000,131072,"Dorfromantik"
