0x0100D3E01D522000,327680,"Make it! Takoyaki"
0x01005C60086BE000,0,"Mega Man X Legacy Collection"
0x0100E05011350000,3276800,"Wingspan"
0x0100E05011351001,0,"Wingspan DLC 1"
0x0100E05011351002,0,"Wingspan DLC 2"
0x0100E0501135100A,0,"Wingspan DLC 10"
0x0100E0501135100B,0,"Wingspan DLC 11"
0x0100E0501135100C,0,"Wingspan DLC 12"
0x01000AF01518A000,1048576,"Root"
0x01000AF01518B001,0,"Root DLC 1"
0x01000AF01518B002,0,"Root DLC 2"
0x01000AF01518B003,65536,"Root DLC 3"
0x01000AF01518B004,131072,"Root DLC 4"
0x0100BDE00862A000,786432,"Mario Tennis Aces"
0x0100152000022000,1245184,"Mario Kart 8 Deluxe"
0x0100152000023001,65536,"Mario Kart 8 Deluxe DLC 1"
0x0100F28011892000,720896,"Overcooked! All You Can Eat"
0x0100F28011893001,0,"Overcooked! All You Can Eat DLC 1"
0x01007E3006DDA000,327680,"Kirby Star Allies"
0x0100A8E016236000,0,"Kirby's Dream Buffet"
0x010015100B514000,65536,"Super Mario Bros. Wonder"
0x01004D300C5AE000,0,"Kirby and the Forgotten Land"
0x0100FCF002A58000,1310720,"Ultimate Chicken Horse"
0x010096001C25C000,131072,"Crossy Road Castle"
0x01006A800016E000,1900544,"Super Smash Bros. Ultimate"
0x01006A800016F001,65536,"Super Smash Bros. Ultimate DLC 1"
0x01006A800016F002,65536,"Super Smash Bros. Ultimate DLC 2"
0x01006A800016F003,131072,"Super Smash Bros. Ultimate DLC 3"
0x01006A800016F004,131072,"Super Smash Bros. Ultimate DLC 4"
0x01006A800016F005,131072,"Super Smash Bros. Ultimate DLC 5"
0x01006A800016F006,131072,"Super Smash Bros. Ultimate DLC 6"
0x01006A800016F007,65536,"Super Smash Bros. Ultimate DLC 7"
0x01006A800016F008,65536,"Super Smash Bros. Ultimate DLC 8"
0x01006A800016F009,131072,"Super Smash Bros. Ultimate DLC 9"
0x01006A800016F00A,65536,"Super Smash Bros. Ultimate DLC 10"
0x01006A800016F00B,65536,"Super Smash Bros. Ultimate DLC 11"
0x01006A800016F00C,65536,"Super Smash Bros. Ultimate DLC 12"
0x01006A800016F015,65536,"Super Smash Bros. Ultimate DLC 21"
0x01006A800016F016,0,"Super Smash Bros. Ultimate DLC 22"
0x01006A800016F01F,0,"Super Smash Bros. Ultimate DLC 31"
0x01006A800016F020,0,"Super Smash Bros. Ultimate DLC 32"
0x01006A800016F021,0,"Super Smash Bros. Ultimate DLC 33"
0x01006A800016F022,0,"Super Smash Bros. Ultimate DLC 34"
0x01006A800016F023,0,"Super Smash Bros. Ultimate DLC 35"
0x01006A800016F024,0,"Super Smash Bros. Ultimate DLC 36"
0x01006A800016F025,0,"Super Smash Bros. Ultimate DLC 37"
0x01006A800016F026,0,"Super Smash Bros. Ultimate DLC 38"
0x01006A800016F027,0,"Super Smash Bros. Ultimate DLC 39"
0x01006A800016F028,0,"Super Smash Bros. Ultimate DLC 40"
0x01006A800016F029,0,"Super Smash Bros. Ultimate DLC 41"
0x01006A800016F02A,0,"Super Smash Bros. Ultimate DLC 42"
0x01006A800016F02B,0,"Super Smash Bros. Ultimate DLC 43"
0x01006A800016F02C,0,"Super Smash Bros. Ultimate DLC 44"
0x01006A800016F02D,0,"Super Smash Bros. Ultimate DLC 45"
0x01006A800016F02E,0,"Super Smash Bros. Ultimate DLC 46"
0x01006A800016F02F,0,"Super Smash Bros. Ultimate DLC 47"
0x01006A800016F030,0,"Super Smash Bros. Ultimate DLC 48"
0x01006A800016F031,0,"Super Smash Bros. Ultimate DLC 49"
0x01006A800016F032,0,"Super Smash Bros. Ultimate DLC 50"
0x01006A800016F033,0,"Super Smash Bros. Ultimate DLC 51"
0x01006A800016F034,0,"Super Smash Bros. Ultimate DLC 52"
0x01006A800016F035,0,"Super Smash Bros. Ultimate DLC 53"
0x01006A800016F036,0,"Super Smash Bros. Ultimate DLC 54"
0x01006A800016F037,0,"Super Smash Bros. Ultimate DLC 55"
0x01006A800016F038,0,"Super Smash Bros. Ultimate DLC 56"
0x01006A800016F039,0,"Super Smash Bros. Ultimate DLC 57"
0x01006A800016F03A,0,"Super Smash Bros. Ultimate DLC 58"
0x01006A800016F03B,0,"Super Smash Bros. Ultimate DLC 59"
0x01006A800016F03C,0,"Super Smash Bros. Ultimate DLC 60"
0x01006A800016F03D,0,"Super Smash Bros. Ultimate DLC 61"
0x01006A800016F03E,0,"Super Smash Bros. Ultimate DLC 62"
0x01006A800016F03F,0,"Super Smash Bros. Ultimate DLC 63"
0x01006A800016F040,0,"Super Smash Bros. Ultimate DLC 64"
0x01006A800016F041,0,"Super Smash Bros. Ultimate DLC 65"
0x01006A800016F042,0,"Super Smash Bros. Ultimate DLC 66"
0x01006A800016F043,0,"Super Smash Bros. Ultimate DLC 67"
0x01006A800016F044,0,"Super Smash Bros. Ultimate DLC 68"
0x01006A800016F045,0,"Super Smash Bros. Ultimate DLC 69"
0x01006A800016F046,0,"Super Smash Bros. Ultimate DLC 70"
0x01006A800016F047,0,"Super Smash Bros. Ultimate DLC 71"
0x01006A800016F048,0,"Super Smash Bros. Ultimate DLC 72"
0x01006A800016F049,0,"Super Smash Bros. Ultimate DLC 73"
0x01006A800016F04A,0,"Super Smash Bros. Ultimate DLC 74"
0x01006A800016F04B,0,"Super Smash Bros. Ultimate DLC 75"
0x01006A800016F04C,0,"Super Smash Bros. Ultimate DLC 76"
0x01006A800016F04D,0,"Super Smash Bros. Ultimate DLC 77"
0x01006A800016F04E,0,"Super Smash Bros. Ultimate DLC 78"
0x01006A800016F04F,0,"Super Smash Bros. Ultimate DLC 79"
0x01006A800016F050,0,"Super Smash Bros. Ultimate DLC 80"
0x01006A800016F051,0,"Super Smash Bros. Ultimate DLC 81"
0x01006A800016F052,0,"Super Smash Bros. Ultimate DLC 82"
0x01006A800016F065,0,"Super Smash Bros. Ultimate DLC 101"
0x01006A800016F066,0,"Super Smash Bros. Ultimate DLC 102"
0x01006A800016F067,0,"Super Smash Bros. Ultimate DLC 103"
0x01006A800016F068,0,"Super Smash Bros. Ultimate DLC 104"
0x01006A800016F069,0,"Super Smash Bros. Ultimate DLC 105"
0x01006A800016F06A,0,"Super Smash Bros. Ultimate DLC 106"
0x01006A800016F06B,0,"Super Smash Bros. Ultimate DLC 107"
0x01006A800016F06C,0,"Super Smash Bros. Ultimate DLC 108"
0x01006A800016F06D,0,"Super Smash Bros. Ultimate DLC 109"
0x01006A800016F06E,0,"Super Smash Bros. Ultimate DLC 110"
0x01006A800016F06F,0,"Super Smash Bros. Ultimate DLC 111"
0x01006A800016F070,0,"Super Smash Bros. Ultimate DLC 112"
0x01006A800016F071,0,"Super Smash Bros. Ultimate DLC 113"
0x01006A800016F072,0,"Super Smash Bros. Ultimate DLC 114"
0x01006A800016F073,0,"Super Smash Bros. Ultimate DLC 115"
0x01006A800016F077,0,"Super Smash Bros. Ultimate DLC 119"
0x01006A800016F078,0,"Super Smash Bros. Ultimate DLC 120"
0x01006A800016F079,0,"Super Smash Bros. Ultimate DLC 121"
0x01006A800016F07A,0,"Super Smash Bros. Ultimate DLC 122"
0x01006A800016F07B,0,"Super Smash Bros. Ultimate DLC 123"
0x01006A800016F07C,0,"Super Smash Bros. Ultimate DLC 124"
0x01006A800016F07D,0,"Super Smash Bros. Ultimate DLC 125"
0x01006A800016F07E,0,"Super Smash Bros. Ultimate DLC 126"
0x01006A800016F07F,0,"Super Smash Bros. Ultimate DLC 127"
0x01006A800016F080,0,"Super Smash Bros. Ultimate DLC 128"
0x01006A800016F081,0,"Super Smash Bros. Ultimate DLC 129"
0x01006A800016F082,0,"Super Smash Bros. Ultimate DLC 130"
0x01006A800016F083,0,"Super Smash Bros. Ultimate DLC 131"
0x01006A800016F084,0,"Super Smash Bros. Ultimate DLC 132"
0x01006A800016F085,0,"Super Smash Bros. Ultimate DLC 133"
0x01006A800016F086,0,"Super Smash Bros. Ultimate DLC 134"
0x01006A800016F087,0,"Super Smash Bros. Ultimate DLC 135"
0x01006A800016F088,0,"Super Smash Bros. Ultimate DLC 136"
0x0100D870045B6000,2359296,"Nintendo Entertainment System – Nintendo Switch Online"
0x0100BCF017122000,393216,"Totally Accurate Battle Simulator"
0x010015F005C8E000,131072,"Tricky Towers"
0x010015F005C8F001,0,"Tricky Towers DLC 1"
0x010015F005C8F002,0,"Tricky Towers DLC 2"
0x010015F005C8F003,0,"Tricky Towers DLC 3"
0x010015F005C8F004,0,"Tricky Towers DLC 4"
0x010015F005C8F005,0,"Tricky Towers DLC 5"
0x010015F005C8F006,0,"Tricky Towers DLC 6"
0x010067300059A000,589824,"Mario + Rabbids Kingdom Battle"
0x010067300059B001,0,"Mario + Rabbids Kingdom Battle DLC 1"
0x010067300059B002,0,"Mario + Rabbids Kingdom Battle DLC 2"
0x010067300059B003,65536,"Mario + Rabbids Kingdom Battle DLC 3"
0x010067300059B004,131072,"Mario + Rabbids Kingdom Battle DLC 4"
0x0100B0500FE4E000,0,"Good Job!"
0x01002DE00C250000,720896,"Children of Morta"
0x01002DE00C251001,65536,"Children of Morta DLC 1"
0x01002DE00C251002,65536,"Children of Morta DLC 2"
0x01004BA0110D6000,65536,"Hidden in Plain Sight"
0x0100B7000D89E000,393216,"Knights and Bikes"
0x0100E24006FA8000,131072,"Stikbold! A Dodgeball Adventure DELUXE"
0x01002EF01A316000,327680,"Brotato"
0x0100D58012E12000,589824,"Gang Beasts"
0x010088B0155E2000,196608,"Shootas, Blood and Teef"
0x0100C2500FC20000,2097152,"Splatoon 3"
0x0100C2500FC21064,0,"Splatoon 3 DLC 100"
0x0100C2500FC21065,393216,"Splatoon 3 DLC 101"
0x0100C2500FC21066,0,"Splatoon 3 DLC 102"
0x010092A0172E4000,131072,"It Takes Two"
0x010092A0172E5001,0,"It Takes Two DLC 1"
0x010092A0172E5002,0,"It Takes Two DLC 2"
0x0100965017338000,131072,"Super Mario Party Jamboree"
0x01007EF00011E000,786432,"The Legend of Zelda Breath of the Wild"
0x01007EF00011F001,196608,"The Legend of Zelda Breath of the Wild DLC 1"
0x01007EF00011F002,196608,"The Legend of Zelda Breath of the Wild DLC 2"
0x010022400BE5A000,65536,"Yu-Gi-Oh! Legacy of the Duelist  Link Evolution"
0x010038E011940000,524288,"Puyo Puyo™ Tetris® 2"
0x010038E011941001,0,"Puyo Puyo™ Tetris® 2 DLC 1"
0x01006B5012B32000,0,"Part Time UFO"
0x0100800015926000,1769472,"Suika Game"
0x0100800015927001,0,"Suika Game DLC 1"
0x010080001592700D,0,"Suika Game DLC 13"
0x010080001592700E,0,"Suika Game DLC 14"
0x01000D3015088000,1114112,"Mini Motorways"
0x010018300D006000,65536,"BOXBOY! + BOXGIRL!"
0x01006C100EC08000,1769472,"Minecraft Dungeons"
0x01006C100EC09001,0,"Minecraft Dungeons DLC 1"
0x01006C100EC09002,0,"Minecraft Dungeons DLC 2"
0x01006C100EC09003,0,"Minecraft Dungeons DLC 3"
0x01006C100EC09004,0,"Minecraft Dungeons DLC 4"
0x01006C100EC09005,0,"Minecraft Dungeons DLC 5"
0x01006C100EC09006,0,"Minecraft Dungeons DLC 6"
0x01006C100EC09007,0,"Minecraft Dungeons DLC 7"
0x0100AA400A238000,0,"The Stretchers"
0x01009B90006DC000,393216,"SUPER MARIO MAKER 2"
0x0100DCA0064A6000,327680,"Luigi's Mansion 3"
0x0100DCA0064A7001,131072,"Luigi's Mansion 3 DLC 1"
0x0100DCA0064A7002,65536,"Luigi's Mansion 3 DLC 2"
0x0100C4C00E73E000,393216,"Moving Out"
0x0100C4C00E73F001,131072,"Moving Out DLC 1"
0x0100C4C00E73F002,0,"Moving Out DLC 2"
0x01004EA00DF70000,458752,"PICO PARK"
0x05007F30113A6000,0,"The Jackbox Party Pack 7"
0x01002D20103E0000,131072,"Tower of Babel - no mercy"
0x0100798018F28000,131072,"Sausage Wars"
0x0100798018F29001,0,"Sausage Wars DLC 1"
0x0100798018F29002,0,"Sausage Wars DLC 2"
0x0100798018F29003,0,"Sausage Wars DLC 3"
0x0100620012D6E000,65536,"Big Brain Academy Brain vs. Brain"
0x010014A0115BE000,262144,"Cake Bash"
0x0100005019BA8000,131072,"This Means Warp"
0x01009B500007C000,1114112,"ARMS"
0x01006FE013472000,131072,"Mario Party Superstars"
0x0100000000010000,262144,"SUPER MARIO ODYSSEY"
0x0100A5C00D162000,655360,"Cuphead"
0x0100A5C00D163001,0,"Cuphead DLC 1"
0x0100C1F0051B6000,131072,"Donkey Kong Country Tropical Freeze"
0x0100437004170000,524288,"Portal Knights"
0x0100437004171001,0,"Portal Knights DLC 1"
0x0100437004171002,0,"Portal Knights DLC 2"
0x0100437004171003,0,"Portal Knights DLC 3"
0x0100437004171004,0,"Portal Knights DLC 4"
0x0100437004171005,0,"Portal Knights DLC 5"
0x0100437004171006,0,"Portal Knights DLC 6"
0x0100437004171007,0,"Portal Knights DLC 7"
0x0100437004171008,0,"Portal Knights DLC 8"
0x0100437004171009,0,"Portal Knights DLC 9"
0x010043700417100A,0,"Portal Knights DLC 10"
0x010043700417100B,0,"Portal Knights DLC 11"
0x010043700417100C,0,"Portal Knights DLC 12"
0x010035101E1CC000,917504,"PICO PARK 2"
0x010081A00EE62000,1245184,"Boomerang Fu"
0x010081A00EE63001,720896,"Boomerang Fu DLC 1"
0x010081A00EE63002,0,"Boomerang Fu DLC 2"
0x0100C8B00C4AE000,0,"SpeedRunners"
0x0100C8B00C4AF001,65536,"SpeedRunners DLC 1"
0x0100C8B00C4AF002,65536,"SpeedRunners DLC 2"
0x0100C8B00C4AF003,65536,"SpeedRunners DLC 3"
0x0100C8B00C4AF004,65536,"SpeedRunners DLC 4"
0x0100C8B00C4AF005,65536,"SpeedRunners DLC 5"
0x010092B0091D0000,131072,"Team Sonic Racing"
0x01009FB016286000,393216,"Sonic Origins"
0x01009FB016287001,0,"Sonic Origins DLC 1"
0x01009FB016287002,0,"Sonic Origins DLC 2"
0x01009FB016287003,0,"Sonic Origins DLC 3"
0x01009FB016287004,0,"Sonic Origins DLC 4"
0x0100309016E7A000,589824,"Demon Slayer -Kimetsu no Yaiba- The Hinokami Chronicles"
0x0100309016E7B001,0,"Demon Slayer -Kimetsu no Yaiba- The Hinokami Chronicles DLC 1"
0x0100309016E7B002,0,"Demon Slayer -Kimetsu no Yaiba- The Hinokami Chronicles DLC 2"
0x0100309016E7B003,0,"Demon Slayer -Kimetsu no Yaiba- The Hinokami Chronicles DLC 3"
0x0100309016E7B005,0,"Demon Slayer -Kimetsu no Yaiba- The Hinokami Chronicles DLC 5"
0x0100309016E7B006,0,"Demon Slayer -Kimetsu no Yaiba- The Hinokami Chronicles DLC 6"
0x0100309016E7B00A,0,"Demon Slayer -Kimetsu no Yaiba- The Hinokami Chronicles DLC 10"
0x0100309016E7B00B,0,"Demon Slayer -Kimetsu no Yaiba- The Hinokami Chronicles DLC 11"
0x0100EA80032EA000,0,"New Super Mario Bros. U Deluxe"
0x0100EF200DA60000,458752,"The Survivalists"
0x0100EF200DA61001,65536,"The Survivalists DLC 1"
0x010038A01628A000,524288,"LEGO® Brawls"
0x0100A7101B806000,524288,"Demon Slayer -Kimetsu no Yaiba- Sweep the Board!"
0x0100A7101B807001,0,"Demon Slayer -Kimetsu no Yaiba- Sweep the Board! DLC 1"
0x0100A7101B807002,0,"Demon Slayer -Kimetsu no Yaiba- Sweep the Board! DLC 2"
0x010047700D540000,262144,"51 Worldwide Games"
0x01000320000CC000,65536,"1-2-Switch"
0x0100E2600DBAA000,458752,"Haven"
0x0100024008310000,196608,"Street Fighter® 30th Anniversary Collection"
0x0100B99019412000,65536,"Mario vs. Donkey Kong"
0x01009BF0072D4000,196608,"Captain Toad Treasure Tracker"
0x01009BF0072D5001,65536,"Captain Toad Treasure Tracker DLC 1"
0x01009BF0072D5002,0,"Captain Toad Treasure Tracker DLC 2"
0x0100C9C00E25C000,262144,"Mario Golf Super Rush"
0x0100B8E00359E000,131072,"Party Golf"
0x010089D017A0A000,196608,"Soccer Story"
0x0100CB10089DE000,131072,"Party Crashers"
0x010048701995E000,0,"Luigi’s Mansion 2 HD"
0x0100091008272000,458752,"Mini Metro"
0x01002E7016C46000,1376256,"Cult of the Lamb"
0x01002E7016C47001,0,"Cult of the Lamb DLC 1"
0x01002E7016C47002,0,"Cult of the Lamb DLC 2"
0x01002E7016C47003,0,"Cult of the Lamb DLC 3"
0x01002E7016C47004,0,"Cult of the Lamb DLC 4"
0x01002E7016C47005,0,"Cult of the Lamb DLC 5"
0x01001A800D6BC000,131072,"Castlevania Anniversary Collection"
0x01001F3018880000,262144,"Asterix & Obelix XXXL - The Ram From Hibernia"
0x0100750001C70000,262144,"Duck Game"
0x0500AF100EE76000,0,"Quiplash 2 InterLASHional"
0x0100704000B3A000,65536,"Snipperclips"
0x0100704000B3B001,0,"Snipperclips DLC 1"
0x0100DC60167B4000,262144,"Capcom Arcade 2nd Stadium"
0x0100DC60167B5005,0,"Capcom Arcade 2nd Stadium DLC 5"
0x0100DC60167B5007,0,"Capcom Arcade 2nd Stadium DLC 7"
0x0100DC60167B500A,0,"Capcom Arcade 2nd Stadium DLC 10"
0x0100DC60167B500C,0,"Capcom Arcade 2nd Stadium DLC 12"
0x0100DC60167B500D,0,"Capcom Arcade 2nd Stadium DLC 13"
0x0100DC60167B5010,0,"Capcom Arcade 2nd Stadium DLC 16"
0x0100DC60167B5011,0,"Capcom Arcade 2nd Stadium DLC 17"
0x0100DC60167B5012,0,"Capcom Arcade 2nd Stadium DLC 18"
0x0100DC60167B5013,0,"Capcom Arcade 2nd Stadium DLC 19"
0x0100DC60167B5014,0,"Capcom Arcade 2nd Stadium DLC 20"
0x0100DC60167B501D,0,"Capcom Arcade 2nd Stadium DLC 29"
0x0100DC60167B5020,0,"Capcom Arcade 2nd Stadium DLC 32"
0x0100DC60167B5021,0,"Capcom Arcade 2nd Stadium DLC 33"
0x0100DC60167B5023,0,"Capcom Arcade 2nd Stadium DLC 35"
0x0100DC60167B502F,0,"Capcom Arcade 2nd Stadium DLC 47"
0x0100DC60167B5034,0,"Capcom Arcade 2nd Stadium DLC 52"
0x0100DC60167B5037,0,"Capcom Arcade 2nd Stadium DLC 55"
0x0100DC60167B5038,0,"Capcom Arcade 2nd Stadium DLC 56"
0x0100DC60167B5039,0,"Capcom Arcade 2nd Stadium DLC 57"
0x0100DC60167B503A,0,"Capcom Arcade 2nd Stadium DLC 58"
0x0100DC60167B503B,0,"Capcom Arcade 2nd Stadium DLC 59"
0x0100DC60167B503C,0,"Capcom Arcade 2nd Stadium DLC 60"
0x0100DC60167B503D,0,"Capcom Arcade 2nd Stadium DLC 61"
0x0100DC60167B503E,0,"Capcom Arcade 2nd Stadium DLC 62"
0x0100DC60167B5040,0,"Capcom Arcade 2nd Stadium DLC 64"
0x0100DC60167B5041,0,"Capcom Arcade 2nd Stadium DLC 65"
0x0100DC60167B5042,0,"Capcom Arcade 2nd Stadium DLC 66"
0x0100DC60167B5043,0,"Capcom Arcade 2nd Stadium DLC 67"
0x0100DC60167B5044,0,"Capcom Arcade 2nd Stadium DLC 68"
0x0100DC60167B5045,0,"Capcom Arcade 2nd Stadium DLC 69"
0x0100DC60167B5046,0,"Capcom Arcade 2nd Stadium DLC 70"
0x0100DC60167B53EB,0,"Capcom Arcade 2nd Stadium DLC 1003"
0x0100DC60167B53EC,0,"Capcom Arcade 2nd Stadium DLC 1004"
0x0100DC60167B53ED,0,"Capcom Arcade 2nd Stadium DLC 1005"
0x010021A00DE54000,655360,"Blazing Beaks"
0x0100001019F6E000,458752,"Horizon Chase 2"
0x01005CF01E784000,393216,"Teenage Mutant Ninja Turtles Splintered Fate"
0x01005CF01E785001,0,"Teenage Mutant Ninja Turtles Splintered Fate DLC 1"
0x0100FE701475A000,589824,"Teenage Mutant Ninja Turtles Shredder's Revenge"
0x0100FE701475B001,0,"Teenage Mutant Ninja Turtles Shredder's Revenge DLC 1"
0x0100FE701475B002,0,"Teenage Mutant Ninja Turtles Shredder's Revenge DLC 2"
0x010079201DCB4000,65536,"The jump guys"
0x0100F3700C09C000,65536,"Find The Balance"
0x01008EC006BE2000,65536,"Art of Balance"
0x0100A8A0174A4000,0,"Clumsy Rush Ultimate Guys"
0x0100A8A0174A5001,0,"Clumsy Rush Ultimate Guys DLC 1"
0x0100A8A0174A5002,0,"Clumsy Rush Ultimate Guys DLC 2"
0x0100A8A0174A5003,0,"Clumsy Rush Ultimate Guys DLC 3"
0x0100A8A0174A5004,0,"Clumsy Rush Ultimate Guys DLC 4"
0x0100A8A0174A5005,0,"Clumsy Rush Ultimate Guys DLC 5"
0x01006CA00E9FA000,131072,"XIII"
0x0100F4C009322000,131072,"Pikmin 3 Deluxe"
0x0100D2F00D5C0000,589824,"Nintendo Switch Sports"
0x0100CA100489C000,196608,"The Escapists 2"
0x0100CA100489D001,0,"The Escapists 2 DLC 1"
0x0100CA100489D002,0,"The Escapists 2 DLC 2"
0x0100CA100489D003,0,"The Escapists 2 DLC 3"
0x0100CA100489D004,0,"The Escapists 2 DLC 4"
0x010082400BCC6000,458752,"Untitled Goose Game"
0x010061F01DB7C000,196608,"World Of Goo 2"
0x010086E00BCB2000,983040,"Retimed"
0x0100C67011B14000,327680,"Out of Space"
0x0100B7A01386E000,262144,"Soundfall"
0x0100B0C0086B0000,65536,"Mega Man 11"
0x0100B0C0086B1001,65536,"Mega Man 11 DLC 1"
0x010007D00D43A000,196608,"Serious Sam Collection"
0x010060A00B53C000,196608,"Broforce"
0x01002C000B552000,2621440,"Taiko no Tatsujin Drum ‘n’ Fun!"
0x01002C000B553001,0,"Taiko no Tatsujin Drum ‘n’ Fun! DLC 1"
0x01002C000B553002,0,"Taiko no Tatsujin Drum ‘n’ Fun! DLC 2"
0x01002C000B553003,0,"Taiko no Tatsujin Drum ‘n’ Fun! DLC 3"
0x01002C000B553004,0,"Taiko no Tatsujin Drum ‘n’ Fun! DLC 4"
0x01002C000B553005,0,"Taiko no Tatsujin Drum ‘n’ Fun! DLC 5"
0x01002C000B553006,0,"Taiko no Tatsujin Drum ‘n’ Fun! DLC 6"
0x01002C000B553007,0,"Taiko no Tatsujin Drum ‘n’ Fun! DLC 7"
0x01002C000B553008,0,"Taiko no Tatsujin Drum ‘n’ Fun! DLC 8"
0x01002C000B553009,0,"Taiko no Tatsujin Drum ‘n’ Fun! DLC 9"
0x01002C000B55300A,0,"Taiko no Tatsujin Drum ‘n’ Fun! DLC 10"
0x01002C000B55300D,0,"Taiko no Tatsujin Drum ‘n’ Fun! DLC 13"
0x01002C000B55300E,0,"Taiko no Tatsujin Drum ‘n’ Fun! DLC 14"
0x01002C000B55300F,0,"Taiko no Tatsujin Drum ‘n’ Fun! DLC 15"
0x01002C000B553010,0,"Taiko no Tatsujin Drum ‘n’ Fun! DLC 16"
0x01002C000B553011,0,"Taiko no Tatsujin Drum ‘n’ Fun! DLC 17"
0x01002C000B553012,0,"Taiko no Tatsujin Drum ‘n’ Fun! DLC 18"
0x01002C000B553013,0,"Taiko no Tatsujin Drum ‘n’ Fun! DLC 19"
0x01002C000B553014,0,"Taiko no Tatsujin Drum ‘n’ Fun! DLC 20"
0x01002C000B553015,0,"Taiko no Tatsujin Drum ‘n’ Fun! DLC 21"
0x01002C000B553016,0,"Taiko no Tatsujin Drum ‘n’ Fun! DLC 22"
0x01002C000B553017,0,"Taiko no Tatsujin Drum ‘n’ Fun! DLC 23"
0x01002C000B553018,0,"Taiko no Tatsujin Drum ‘n’ Fun! DLC 24"
0x01002C000B553019,0,"Taiko no Tatsujin Drum ‘n’ Fun! DLC 25"
0x01002C000B55301A,0,"Taiko no Tatsujin Drum ‘n’ Fun! DLC 26"
0x01002C000B55301B,0,"Taiko no Tatsujin Drum ‘n’ Fun! DLC 27"
0x01002C000B55301C,0,"Taiko no Tatsujin Drum ‘n’ Fun! DLC 28"
0x01002C000B55301D,0,"Taiko no Tatsujin Drum ‘n’ Fun! DLC 29"
0x01002C000B55301E,0,"Taiko no Tatsujin Drum ‘n’ Fun! DLC 30"
0x01002C000B55301F,0,"Taiko no Tatsujin Drum ‘n’ Fun! DLC 31"
0x01002C000B553020,0,"Taiko no Tatsujin Drum ‘n’ Fun! DLC 32"
0x01002C000B553021,0,"Taiko no Tatsujin Drum ‘n’ Fun! DLC 33"
0x01002C000B553022,0,"Taiko no Tatsujin Drum ‘n’ Fun! DLC 34"
0x01002C000B553023,0,"Taiko no Tatsujin Drum ‘n’ Fun! DLC 35"
0x01002C000B553024,0,"Taiko no Tatsujin Drum ‘n’ Fun! DLC 36"
0x01002C000B553025,0,"Taiko no Tatsujin Drum ‘n’ Fun! DLC 37"
0x01002C000B553026,0,"Taiko no Tatsujin Drum ‘n’ Fun! DLC 38"
0x01002C000B553027,0,"Taiko no Tatsujin Drum ‘n’ Fun! DLC 39"
0x01002C000B553028,0,"Taiko no Tatsujin Drum ‘n’ Fun! DLC 40"
0x01002C000B553029,0,"Taiko no Tatsujin Drum ‘n’ Fun! DLC 41"
0x01002C000B55302A,0,"Taiko no Tatsujin Drum ‘n’ Fun! DLC 42"
0x01002C000B55302B,0,"Taiko no Tatsujin Drum ‘n’ Fun! DLC 43"
0x01002C000B55302C,0,"Taiko no Tatsujin Drum ‘n’ Fun! DLC 44"
0x01002C000B55302D,0,"Taiko no Tatsujin Drum ‘n’ Fun! DLC 45"
0x01002C000B55302E,0,"Taiko no Tatsujin Drum ‘n’ Fun! DLC 46"
0x01002C000B55302F,0,"Taiko no Tatsujin Drum ‘n’ Fun! DLC 47"
0x01002C000B553030,0,"Taiko no Tatsujin Drum ‘n’ Fun! DLC 48"
0x01002C000B553031,0,"Taiko no Tatsujin Drum ‘n’ Fun! DLC 49"
0x01002C000B553032,0,"Taiko no Tatsujin Drum ‘n’ Fun! DLC 50"
0x01002C000B553033,0,"Taiko no Tatsujin Drum ‘n’ Fun! DLC 51"
0x01002C000B553034,0,"Taiko no Tatsujin Drum ‘n’ Fun! DLC 52"
0x01002C000B553035,0,"Taiko no Tatsujin Drum ‘n’ Fun! DLC 53"
0x01002C000B553036,0,"Taiko no Tatsujin Drum ‘n’ Fun! DLC 54"
0x01002C000B553037,0,"Taiko no Tatsujin Drum ‘n’ Fun! DLC 55"
0x01002C000B553038,0,"Taiko no Tatsujin Drum ‘n’ Fun! DLC 56"
0x01002C000B553039,0,"Taiko no Tatsujin Drum ‘n’ Fun! DLC 57"
0x01002C000B55303A,0,"Taiko no Tatsujin Drum ‘n’ Fun! DLC 58"
0x01002C000B55303B,0,"Taiko no Tatsujin Drum ‘n’ Fun! DLC 59"
0x01002C000B55303C,0,"Taiko no Tatsujin Drum ‘n’ Fun! DLC 60"
0x01002C000B55303D,0,"Taiko no Tatsujin Drum ‘n’ Fun! DLC 61"
0x01002C000B55303E,0,"Taiko no Tatsujin Drum ‘n’ Fun! DLC 62"
0x01002C000B55303F,0,"Taiko no Tatsujin Drum ‘n’ Fun! DLC 63"
0x01002C000B553040,0,"Taiko no Tatsujin Drum ‘n’ Fun! DLC 64"
0x01002C000B553041,0,"Taiko no Tatsujin Drum ‘n’ Fun! DLC 65"
0x01002C000B553042,0,"Taiko no Tatsujin Drum ‘n’ Fun! DLC 66"
0x01002C000B553043,0,"Taiko no Tatsujin Drum ‘n’ Fun! DLC 67"
0x01002C000B553044,0,"Taiko no Tatsujin Drum ‘n’ Fun! DLC 68"
0x01002C000B553045,0,"Taiko no Tatsujin Drum ‘n’ Fun! DLC 69"
0x01002C000B553046,0,"Taiko no Tatsujin Drum ‘n’ Fun! DLC 70"
0x01002C000B553047,0,"Taiko no Tatsujin Drum ‘n’ Fun! DLC 71"
0x01002C000B553048,0,"Taiko no Tatsujin Drum ‘n’ Fun! DLC 72"
0x01002C000B553049,0,"Taiko no Tatsujin Drum ‘n’ Fun! DLC 73"
0x01002C000B55304A,0,"Taiko no Tatsujin Drum ‘n’ Fun! DLC 74"
0x01002C000B55304C,0,"Taiko no Tatsujin Drum ‘n’ Fun! DLC 76"
0x01002C000B55304D,0,"Taiko no Tatsujin Drum ‘n’ Fun! DLC 77"
0x01002C000B55304E,0,"Taiko no Tatsujin Drum ‘n’ Fun! DLC 78"
0x01002C000B55304F,0,"Taiko no Tatsujin Drum ‘n’ Fun! DLC 79"
0x01002C000B553050,0,"Taiko no Tatsujin Drum ‘n’ Fun! DLC 80"
0x01002C000B553051,0,"Taiko no Tatsujin Drum ‘n’ Fun! DLC 81"
0x01002C000B553052,0,"Taiko no Tatsujin Drum ‘n’ Fun! DLC 82"
0x01002C000B553053,0,"Taiko no Tatsujin Drum ‘n’ Fun! DLC 83"
0x01002C000B553054,0,"Taiko no Tatsujin Drum ‘n’ Fun! DLC 84"
0x01002C000B553055,0,"Taiko no Tatsujin Drum ‘n’ Fun! DLC 85"
0x01002C000B553056,0,"Taiko no Tatsujin Drum ‘n’ Fun! DLC 86"
0x01002C000B553057,0,"Taiko no Tatsujin Drum ‘n’ Fun! DLC 87"
0x01002C000B553058,0,"Taiko no Tatsujin Drum ‘n’ Fun! DLC 88"
0x01002C000B553059,0,"Taiko no Tatsujin Drum ‘n’ Fun! DLC 89"
0x01002C000B55305A,0,"Taiko no Tatsujin Drum ‘n’ Fun! DLC 90"
0x01002C000B55305B,0,"Taiko no Tatsujin Drum ‘n’ Fun! DLC 91"
0x01002C000B55305C,0,"Taiko no Tatsujin Drum ‘n’ Fun! DLC 92"
0x01002C000B55305D,0,"Taiko no Tatsujin Drum ‘n’ Fun! DLC 93"
0x01002C000B55305E,0,"Taiko no Tatsujin Drum ‘n’ Fun! DLC 94"
0x01002C000B55305F,0,"Taiko no Tatsujin Drum ‘n’ Fun! DLC 95"
0x01002C000B553060,0,"Taiko no Tatsujin Drum ‘n’ Fun! DLC 96"
0x01002C000B553061,0,"Taiko no Tatsujin Drum ‘n’ Fun! DLC 97"
0x01002C000B553062,0,"Taiko no Tatsujin Drum ‘n’ Fun! DLC 98"
0x01002C000B553063,0,"Taiko no Tatsujin Drum ‘n’ Fun! DLC 99"
0x01002C000B553064,0,"Taiko no Tatsujin Drum ‘n’ Fun! DLC 100"
0x01002C000B553065,0,"Taiko no Tatsujin Drum ‘n’ Fun! DLC 101"
0x01002C000B553066,0,"Taiko no Tatsujin Drum ‘n’ Fun! DLC 102"
0x01002C000B553067,0,"Taiko no Tatsujin Drum ‘n’ Fun! DLC 103"
0x01002C000B553068,0,"Taiko no Tatsujin Drum ‘n’ Fun! DLC 104"
0x01002C000B553069,0,"Taiko no Tatsujin Drum ‘n’ Fun! DLC 105"
0x01002C000B55306A,0,"Taiko no Tatsujin Drum ‘n’ Fun! DLC 106"
0x01002C000B55306B,0,"Taiko no Tatsujin Drum ‘n’ Fun! DLC 107"
0x01002C000B55306C,0,"Taiko no Tatsujin Drum ‘n’ Fun! DLC 108"
0x01002C000B55306D,0,"Taiko no Tatsujin Drum ‘n’ Fun! DLC 109"
0x01002C000B55306E,0,"Taiko no Tatsujin Drum ‘n’ Fun! DLC 110"
0x01002C000B55306F,0,"Taiko no Tatsujin Drum ‘n’ Fun! DLC 111"
0x01002C000B553070,0,"Taiko no Tatsujin Drum ‘n’ Fun! DLC 112"
0x01002C000B553071,0,"Taiko no Tatsujin Drum ‘n’ Fun! DLC 113"
0x01002C000B553072,0,"Taiko no Tatsujin Drum ‘n’ Fun! DLC 114"
0x01002C000B553073,0,"Taiko no Tatsujin Drum ‘n’ Fun! DLC 115"
0x01002C000B553074,0,"Taiko no Tatsujin Drum ‘n’ Fun! DLC 116"
0x01002C000B553075,0,"Taiko no Tatsujin Drum ‘n’ Fun! DLC 117"
0x01002C000B553076,0,"Taiko no Tatsujin Drum ‘n’ Fun! DLC 118"
0x01002C000B553077,0,"Taiko no Tatsujin Drum ‘n’ Fun! DLC 119"
0x01002C000B553078,0,"Taiko no Tatsujin Drum ‘n’ Fun! DLC 120"
0x01002C000B553079,0,"Taiko no Tatsujin Drum ‘n’ Fun! DLC 121"
0x01002C000B55307A,0,"Taiko no Tatsujin Drum ‘n’ Fun! DLC 122"
0x01002C000B55307B,0,"Taiko no Tatsujin Drum ‘n’ Fun! DLC 123"
0x01002C000B55307C,0,"Taiko no Tatsujin Drum ‘n’ Fun! DLC 124"
0x01002C000B55307D,0,"Taiko no Tatsujin Drum ‘n’ Fun! DLC 125"
0x01002C000B55307E,0,"Taiko no Tatsujin Drum ‘n’ Fun! DLC 126"
0x01002C000B55307F,0,"Taiko no Tatsujin Drum ‘n’ Fun! DLC 127"
0x01002C000B553080,0,"Taiko no Tatsujin Drum ‘n’ Fun! DLC 128"
0x01002C000B553081,0,"Taiko no Tatsujin Drum ‘n’ Fun! DLC 129"
0x01002C000B553082,0,"Taiko no Tatsujin Drum ‘n’ Fun! DLC 130"
0x01002C000B553083,0,"Taiko no Tatsujin Drum ‘n’ Fun! DLC 131"
0x01002C000B553084,0,"Taiko no Tatsujin Drum ‘n’ Fun! DLC 132"
0x01002C000B553085,0,"Taiko no Tatsujin Drum ‘n’ Fun! DLC 133"
0x01002C000B553086,0,"Taiko no Tatsujin Drum ‘n’ Fun! DLC 134"
0x01002C000B553087,0,"Taiko no Tatsujin Drum ‘n’ Fun! DLC 135"
0x01002C000B553088,0,"Taiko no Tatsujin Drum ‘n’ Fun! DLC 136"
0x01002C000B553089,0,"Taiko no Tatsujin Drum ‘n’ Fun! DLC 137"
0x01002C000B55308A,0,"Taiko no Tatsujin Drum ‘n’ Fun! DLC 138"
0x01002C000B55308B,0,"Taiko no Tatsujin Drum ‘n’ Fun! DLC 139"
0x01002C000B55308C,0,"Taiko no Tatsujin Drum ‘n’ Fun! DLC 140"
0x01002C000B55308D,0,"Taiko no Tatsujin Drum ‘n’ Fun! DLC 141"
0x01002C000B55308E,0,"Taiko no Tatsujin Drum ‘n’ Fun! DLC 142"
0x01002C000B55308F,0,"Taiko no Tatsujin Drum ‘n’ Fun! DLC 143"
0x01002C000B553090,0,"Taiko no Tatsujin Drum ‘n’ Fun! DLC 144"
0x01002C000B553091,0,"Taiko no Tatsujin Drum ‘n’ Fun! DLC 145"
0x01002C000B553092,0,"Taiko no Tatsujin Drum ‘n’ Fun! DLC 146"
0x01002C000B553093,0,"Taiko no Tatsujin Drum ‘n’ Fun! DLC 147"
0x01002C000B553094,0,"Taiko no Tatsujin Drum ‘n’ Fun! DLC 148"
0x01002C000B553095,0,"Taiko no Tatsujin Drum ‘n’ Fun! DLC 149"
0x01002C000B553096,0,"Taiko no Tatsujin Drum ‘n’ Fun! DLC 150"
0x01002C000B553097,0,"Taiko no Tatsujin Drum ‘n’ Fun! DLC 151"
0x01002C000B553098,0,"Taiko no Tatsujin Drum ‘n’ Fun! DLC 152"
0x01002C000B553099,0,"Taiko no Tatsujin Drum ‘n’ Fun! DLC 153"
0x01002C000B55309A,0,"Taiko no Tatsujin Drum ‘n’ Fun! DLC 154"
0x01002C000B55309B,0,"Taiko no Tatsujin Drum ‘n’ Fun! DLC 155"
0x01002C000B55309C,0,"Taiko no Tatsujin Drum ‘n’ Fun! DLC 156"
0x01002C000B55309D,0,"Taiko no Tatsujin Drum ‘n’ Fun! DLC 157"
0x01002C000B55309E,0,"Taiko no Tatsujin Drum ‘n’ Fun! DLC 158"
0x01002C000B55309F,0,"Taiko no Tatsujin Drum ‘n’ Fun! DLC 159"
0x01002C000B5530A0,0,"Taiko no Tatsujin Drum ‘n’ Fun! DLC 160"
0x01002C000B5530A1,0,"Taiko no Tatsujin Drum ‘n’ Fun! DLC 161"
0x01002C000B5530A2,0,"Taiko no Tatsujin Drum ‘n’ Fun! DLC 162"
0x01002C000B5530A3,0,"Taiko no Tatsujin Drum ‘n’ Fun! DLC 163"
0x01002C000B5530A4,0,"Taiko no Tatsujin Drum ‘n’ Fun! DLC 164"
0x01002C000B5530A5,0,"Taiko no Tatsujin Drum ‘n’ Fun! DLC 165"
0x01002C000B5530A6,0,"Taiko no Tatsujin Drum ‘n’ Fun! DLC 166"
0x01002C000B5530A7,0,"Taiko no Tatsujin Drum ‘n’ Fun! DLC 167"
0x01002C000B5530A8,0,"Taiko no Tatsujin Drum ‘n’ Fun! DLC 168"
0x01002C000B5530A9,0,"Taiko no Tatsujin Drum ‘n’ Fun! DLC 169"
0x01002C000B5530AA,0,"Taiko no Tatsujin Drum ‘n’ Fun! DLC 170"
0x01002C000B5530AB,0,"Taiko no Tatsujin Drum ‘n’ Fun! DLC 171"
0x01002C000B5530AC,0,"Taiko no Tatsujin Drum ‘n’ Fun! DLC 172"
0x01002C000B5530AD,0,"Taiko no Tatsujin Drum ‘n’ Fun! DLC 173"
0x01002C000B5530AE,0,"Taiko no Tatsujin Drum ‘n’ Fun! DLC 174"
0x01002C000B5530AF,0,"Taiko no Tatsujin Drum ‘n’ Fun! DLC 175"
0x01002C000B5530B0,0,"Taiko no Tatsujin Drum ‘n’ Fun! DLC 176"
0x01002C000B5530B1,0,"Taiko no Tatsujin Drum ‘n’ Fun! DLC 177"
0x01002C000B5530B2,0,"Taiko no Tatsujin Drum ‘n’ Fun! DLC 178"
0x01002C000B5530B3,0,"Taiko no Tatsujin Drum ‘n’ Fun! DLC 179"
0x01002C000B5530B4,0,"Taiko no Tatsujin Drum ‘n’ Fun! DLC 180"
0x01002C000B5530B5,0,"Taiko no Tatsujin Drum ‘n’ Fun! DLC 181"
0x01002C000B5530B6,0,"Taiko no Tatsujin Drum ‘n’ Fun! DLC 182"
0x01002C000B5530B7,0,"Taiko no Tatsujin Drum ‘n’ Fun! DLC 183"
0x01002C000B5530B8,0,"Taiko no Tatsujin Drum ‘n’ Fun! DLC 184"
0x01002C000B5530B9,0,"Taiko no Tatsujin Drum ‘n’ Fun! DLC 185"
0x01002C000B5530BA,0,"Taiko no Tatsujin Drum ‘n’ Fun! DLC 186"
0x01002C000B5530BB,0,"Taiko no Tatsujin Drum ‘n’ Fun! DLC 187"
0x01002C000B5530BC,0,"Taiko no Tatsujin Drum ‘n’ Fun! DLC 188"
0x01002C000B5530BD,0,"Taiko no Tatsujin Drum ‘n’ Fun! DLC 189"
0x01002C000B5530BE,0,"Taiko no Tatsujin Drum ‘n’ Fun! DLC 190"
0x01002C000B5530BF,0,"Taiko no Tatsujin Drum ‘n’ Fun! DLC 191"
0x01002C000B5530C0,0,"Taiko no Tatsujin Drum ‘n’ Fun! DLC 192"
0x01002C000B5530C1,0,"Taiko no Tatsujin Drum ‘n’ Fun! DLC 193"
0x01002C000B5530C2,0,"Taiko no Tatsujin Drum ‘n’ Fun! DLC 194"
0x01002C000B5530C3,0,"Taiko no Tatsujin Drum ‘n’ Fun! DLC 195"
0x01002C000B5530C4,0,"Taiko no Tatsujin Drum ‘n’ Fun! DLC 196"
0x01002C000B5530C5,0,"Taiko no Tatsujin Drum ‘n’ Fun! DLC 197"
0x01002C000B5530C6,0,"Taiko no Tatsujin Drum ‘n’ Fun! DLC 198"
0x01002C000B5530C7,0,"Taiko no Tatsujin Drum ‘n’ Fun! DLC 199"
0x01002C000B5530C8,0,"Taiko no Tatsujin Drum ‘n’ Fun! DLC 200"
0x01002C000B5530C9,0,"Taiko no Tatsujin Drum ‘n’ Fun! DLC 201"
0x01002C000B5530CA,0,"Taiko no Tatsujin Drum ‘n’ Fun! DLC 202"
0x01002C000B5530CB,0,"Taiko no Tatsujin Drum ‘n’ Fun! DLC 203"
0x01002C000B5530CC,0,"Taiko no Tatsujin Drum ‘n’ Fun! DLC 204"
0x01002C000B5530CD,0,"Taiko no Tatsujin Drum ‘n’ Fun! DLC 205"
0x01002C000B5530CE,0,"Taiko no Tatsujin Drum ‘n’ Fun! DLC 206"
0x01002C000B5530CF,0,"Taiko no Tatsujin Drum ‘n’ Fun! DLC 207"
0x01002C000B5530D0,0,"Taiko no Tatsujin Drum ‘n’ Fun! DLC 208"
0x01002C000B5530D1,0,"Taiko no Tatsujin Drum ‘n’ Fun! DLC 209"
0x01002C000B5530D2,0,"Taiko no Tatsujin Drum ‘n’ Fun! DLC 210"
0x01002C000B5530D3,0,"Taiko no Tatsujin Drum ‘n’ Fun! DLC 211"
0x01002C000B5530D4,0,"Taiko no Tatsujin Drum ‘n’ Fun! DLC 212"
0x01002C000B5530D5,0,"Taiko no Tatsujin Drum ‘n’ Fun! DLC 213"
0x01002C000B5530D6,0,"Taiko no Tatsujin Drum ‘n’ Fun! DLC 214"
0x01002C000B5530D7,0,"Taiko no Tatsujin Drum ‘n’ Fun! DLC 215"
0x01002C000B5530D8,0,"Taiko no Tatsujin Drum ‘n’ Fun! DLC 216"
0x01002C000B5530D9,0,"Taiko no Tatsujin Drum ‘n’ Fun! DLC 217"
0x01002C000B5530DA,0,"Taiko no Tatsujin Drum ‘n’ Fun! DLC 218"
0x01002C000B5530DB,0,"Taiko no Tatsujin Drum ‘n’ Fun! DLC 219"
0x01002C000B5530DC,0,"Taiko no Tatsujin Drum ‘n’ Fun! DLC 220"
0x01002C000B5530DD,0,"Taiko no Tatsujin Drum ‘n’ Fun! DLC 221"
0x01002C000B5530DE,0,"Taiko no Tatsujin Drum ‘n’ Fun! DLC 222"
0x01002C000B5530DF,0,"Taiko no Tatsujin Drum ‘n’ Fun! DLC 223"
0x01002C000B5530E0,0,"Taiko no Tatsujin Drum ‘n’ Fun! DLC 224"
0x01002C000B5530E1,0,"Taiko no Tatsujin Drum ‘n’ Fun! DLC 225"
0x01002C000B5530E2,0,"Taiko no Tatsujin Drum ‘n’ Fun! DLC 226"
0x01002C000B5530E3,0,"Taiko no Tatsujin Drum ‘n’ Fun! DLC 227"
0x01002C000B5530E4,0,"Taiko no Tatsujin Drum ‘n’ Fun! DLC 228"
0x01002C000B5530E5,0,"Taiko no Tatsujin Drum ‘n’ Fun! DLC 229"
0x01002C000B5530E6,0,"Taiko no Tatsujin Drum ‘n’ Fun! DLC 230"
0x01002C000B5530E7,0,"Taiko no Tatsujin Drum ‘n’ Fun! DLC 231"
0x01002C000B5530E8,0,"Taiko no Tatsujin Drum ‘n’ Fun! DLC 232"
0x01002C000B5530E9,0,"Taiko no Tatsujin Drum ‘n’ Fun! DLC 233"
0x01002C000B5530EA,0,"Taiko no Tatsujin Drum ‘n’ Fun! DLC 234"
0x01002C000B5530EB,0,"Taiko no Tatsujin Drum ‘n’ Fun! DLC 235"
0x01002C000B5530EC,0,"Taiko no Tatsujin Drum ‘n’ Fun! DLC 236"
0x01002C000B5530ED,0,"Taiko no Tatsujin Drum ‘n’ Fun! DLC 237"
0x01002C000B5530EE,0,"Taiko no Tatsujin Drum ‘n’ Fun! DLC 238"
0x01002C000B5530EF,0,"Taiko no Tatsujin Drum ‘n’ Fun! DLC 239"
0x01002C000B5530F0,0,"Taiko no Tatsujin Drum ‘n’ Fun! DLC 240"
0x01002C000B5530F1,0,"Taiko no Tatsujin Drum ‘n’ Fun! DLC 241"
0x01002C000B5530F2,0,"Taiko no Tatsujin Drum ‘n’ Fun! DLC 242"
0x01002C000B5530F3,0,"Taiko no Tatsujin Drum ‘n’ Fun! DLC 243"
0x01002C000B5530F4,0,"Taiko no Tatsujin Drum ‘n’ Fun! DLC 244"
0x01002C000B5530F5,0,"Taiko no Tatsujin Drum ‘n’ Fun! DLC 245"
0x01002C000B5530F6,0,"Taiko no Tatsujin Drum ‘n’ Fun! DLC 246"
0x01002C000B5530F7,0,"Taiko no Tatsujin Drum ‘n’ Fun! DLC 247"
0x01002C000B5530F8,0,"Taiko no Tatsujin Drum ‘n’ Fun! DLC 248"
0x01002C000B5530F9,0,"Taiko no Tatsujin Drum ‘n’ Fun! DLC 249"
0x01002C000B5530FA,0,"Taiko no Tatsujin Drum ‘n’ Fun! DLC 250"
0x01002C000B5530FB,0,"Taiko no Tatsujin Drum ‘n’ Fun! DLC 251"
0x01002C000B5530FC,0,"Taiko no Tatsujin Drum ‘n’ Fun! DLC 252"
0x01002C000B5530FD,0,"Taiko no Tatsujin Drum ‘n’ Fun! DLC 253"
0x01002C000B5530FE,0,"Taiko no Tatsujin Drum ‘n’ Fun! DLC 254"
0x01002C000B5530FF,0,"Taiko no Tatsujin Drum ‘n’ Fun! DLC 255"
0x01002C000B553100,0,"Taiko no Tatsujin Drum ‘n’ Fun! DLC 256"
0x01002C000B553101,0,"Taiko no Tatsujin Drum ‘n’ Fun! DLC 257"
0x01002C000B553102,0,"Taiko no Tatsujin Drum ‘n’ Fun! DLC 258"
0x01002C000B553103,0,"Taiko no Tatsujin Drum ‘n’ Fun! DLC 259"
0x01002C000B553104,0,"Taiko no Tatsujin Drum ‘n’ Fun! DLC 260"
0x01002C000B553105,0,"Taiko no Tatsujin Drum ‘n’ Fun! DLC 261"
0x01002C000B553107,0,"Taiko no Tatsujin Drum ‘n’ Fun! DLC 263"
0x01002C000B553108,0,"Taiko no Tatsujin Drum ‘n’ Fun! DLC 264"
0x01002C000B553109,0,"Taiko no Tatsujin Drum ‘n’ Fun! DLC 265"
0x01002C000B55310A,0,"Taiko no Tatsujin Drum ‘n’ Fun! DLC 266"
0x01002C000B55310B,0,"Taiko no Tatsujin Drum ‘n’ Fun! DLC 267"
0x01002C000B55310C,0,"Taiko no Tatsujin Drum ‘n’ Fun! DLC 268"
0x01002C000B55310D,0,"Taiko no Tatsujin Drum ‘n’ Fun! DLC 269"
0x01002C000B55310E,0,"Taiko no Tatsujin Drum ‘n’ Fun! DLC 270"
0x01002C000B55310F,0,"Taiko no Tatsujin Drum ‘n’ Fun! DLC 271"
0x01002C000B553110,0,"Taiko no Tatsujin Drum ‘n’ Fun! DLC 272"
0x01002C000B553111,0,"Taiko no Tatsujin Drum ‘n’ Fun! DLC 273"
0x01002C000B553112,0,"Taiko no Tatsujin Drum ‘n’ Fun! DLC 274"
0x01002C000B553113,0,"Taiko no Tatsujin Drum ‘n’ Fun! DLC 275"
0x01002C000B553114,0,"Taiko no Tatsujin Drum ‘n’ Fun! DLC 276"
0x01002C000B553115,0,"Taiko no Tatsujin Drum ‘n’ Fun! DLC 277"
0x01002C000B553116,0,"Taiko no Tatsujin Drum ‘n’ Fun! DLC 278"
0x01002C000B553117,0,"Taiko no Tatsujin Drum ‘n’ Fun! DLC 279"
0x01002C000B553118,0,"Taiko no Tatsujin Drum ‘n’ Fun! DLC 280"
0x01002C000B553119,0,"Taiko no Tatsujin Drum ‘n’ Fun! DLC 281"
0x01002C000B55311A,0,"Taiko no Tatsujin Drum ‘n’ Fun! DLC 282"
0x01002C000B55311B,0,"Taiko no Tatsujin Drum ‘n’ Fun! DLC 283"
0x01002C000B55311C,0,"Taiko no Tatsujin Drum ‘n’ Fun! DLC 284"
0x01002C000B55311D,0,"Taiko no Tatsujin Drum ‘n’ Fun! DLC 285"
0x01002C000B55311E,0,"Taiko no Tatsujin Drum ‘n’ Fun! DLC 286"
0x01002C000B55311F,0,"Taiko no Tatsujin Drum ‘n’ Fun! DLC 287"
0x01002C000B553120,0,"Taiko no Tatsujin Drum ‘n’ Fun! DLC 288"
0x01002C000B553121,0,"Taiko no Tatsujin Drum ‘n’ Fun! DLC 289"
0x01002C000B553122,0,"Taiko no Tatsujin Drum ‘n’ Fun! DLC 290"
0x01002C000B553123,0,"Taiko no Tatsujin Drum ‘n’ Fun! DLC 291"
0x01002C000B553124,0,"Taiko no Tatsujin Drum ‘n’ Fun! DLC 292"
0x01002C000B553125,0,"Taiko no Tatsujin Drum ‘n’ Fun! DLC 293"
0x01002C000B553126,0,"Taiko no Tatsujin Drum ‘n’ Fun! DLC 294"
0x01002C000B553127,0,"Taiko no Tatsujin Drum ‘n’ Fun! DLC 295"
0x01002C000B553128,0,"Taiko no Tatsujin Drum ‘n’ Fun! DLC 296"
0x01002C000B553129,0,"Taiko no Tatsujin Drum ‘n’ Fun! DLC 297"
0x01002C000B55312A,0,"Taiko no Tatsujin Drum ‘n’ Fun! DLC 298"
0x01002C000B55312B,0,"Taiko no Tatsujin Drum ‘n’ Fun! DLC 299"
0x01002C000B55312C,0,"Taiko no Tatsujin Drum ‘n’ Fun! DLC 300"
0x01002C000B55312D,0,"Taiko no Tatsujin Drum ‘n’ Fun! DLC 301"
0x01002C000B55312E,0,"Taiko no Tatsujin Drum ‘n’ Fun! DLC 302"
0x01002C000B55312F,0,"Taiko no Tatsujin Drum ‘n’ Fun! DLC 303"
0x01002C000B553130,0,"Taiko no Tatsujin Drum ‘n’ Fun! DLC 304"
0x01002C000B553131,0,"Taiko no Tatsujin Drum ‘n’ Fun! DLC 305"
0x01002C000B553132,0,"Taiko no Tatsujin Drum ‘n’ Fun! DLC 306"
0x01002C000B553133,0,"Taiko no Tatsujin Drum ‘n’ Fun! DLC 307"
0x01002C000B553134,0,"Taiko no Tatsujin Drum ‘n’ Fun! DLC 308"
0x01002C000B553135,0,"Taiko no Tatsujin Drum ‘n’ Fun! DLC 309"
0x01002C000B553136,0,"Taiko no Tatsujin Drum ‘n’ Fun! DLC 310"
0x01002C000B553137,0,"Taiko no Tatsujin Drum ‘n’ Fun! DLC 311"
0x01002C000B553138,0,"Taiko no Tatsujin Drum ‘n’ Fun! DLC 312"
0x01002C000B553139,0,"Taiko no Tatsujin Drum ‘n’ Fun! DLC 313"
0x01002C000B55313A,0,"Taiko no Tatsujin Drum ‘n’ Fun! DLC 314"
0x01002C000B55313B,0,"Taiko no Tatsujin Drum ‘n’ Fun! DLC 315"
0x01002C000B55313C,0,"Taiko no Tatsujin Drum ‘n’ Fun! DLC 316"
0x01002C000B55313D,0,"Taiko no Tatsujin Drum ‘n’ Fun! DLC 317"
0x01002C000B55313E,0,"Taiko no Tatsujin Drum ‘n’ Fun! DLC 318"
0x01002C000B55313F,0,"Taiko no Tatsujin Drum ‘n’ Fun! DLC 319"
0x01002C000B553140,0,"Taiko no Tatsujin Drum ‘n’ Fun! DLC 320"
0x01002C000B553141,0,"Taiko no Tatsujin Drum ‘n’ Fun! DLC 321"
0x01002C000B553142,0,"Taiko no Tatsujin Drum ‘n’ Fun! DLC 322"
0x01002C000B553143,0,"Taiko no Tatsujin Drum ‘n’ Fun! DLC 323"
0x01002C000B553144,0,"Taiko no Tatsujin Drum ‘n’ Fun! DLC 324"
0x0100FC7014CD4000,0,"Are You Smarter than a 5th Grader"
0x0100FC7014CD5001,0,"Are You Smarter than a 5th Grader DLC 1"
0x0100A840047C2000,65536,"12 orbits"
0x010090100E334000,1179648,"Don't Starve Together"
0x0100D47012330000,0,"KING OF FIGHTERS R-2"
0x010084201056A000,0,"Clumsy Rush"
0x0100AF401B6A4000,65536,"Bread & Fred"
0x01008D400A584000,131072,"Keep Talking and Nobody Explodes"
0x010084D00CF5E000,131072,"NARUTO SHIPPUDEN ULTIMATE NINJA STORM 4 ROAD TO BORUTO"
0x010084D00CF5F003,0,"NARUTO SHIPPUDEN ULTIMATE NINJA STORM 4 ROAD TO BORUTO DLC 3"
0x010084D00CF5F025,0,"NARUTO SHIPPUDEN ULTIMATE NINJA STORM 4 ROAD TO BORUTO DLC 37"
0x0100DCA00DA7E000,131072,"Contra Anniversary Collection"
0x0100DA400F624000,131072,"PHOGS!"
0x0100230005A52000,262144,"Lovers in a Dangerous Spacetime"
0x01009510001CA000,262144,"FAST RMX"
0x0100BBF0027EC000,131072,"ULTRA STREET FIGHTER™ II The Final Challengers"
0x0100AA3015C36000,262144,"The Battle of Polytopia"
0x0100AA3015C37003,0,"The Battle of Polytopia DLC 3"
0x0100AA3015C37005,0,"The Battle of Polytopia DLC 5"
0x0100AA3015C37010,0,"The Battle of Polytopia DLC 16"
0x0100AA3015C37011,0,"The Battle of Polytopia DLC 17"
0x0100AA3015C373E8,0,"The Battle of Polytopia DLC 1000"
0x0100AA3015C373E9,0,"The Battle of Polytopia DLC 1001"
0x0100AA3015C373EA,0,"The Battle of Polytopia DLC 1002"
0x0100EA6014BB8000,65536,"JUST DANCE® 2022"
0x0100EA6014BB9001,0,"JUST DANCE® 2022 DLC 1"
0x0100830008426000,851968,"Just Shapes & Beats"
0x0100BEE017FC0000,983040,"Just Dance®"
0x0100BEE017FC1001,0,"Just Dance® DLC 1"
0x0100BEE017FC1002,0,"Just Dance® DLC 2"
0x0100BEE017FC1003,0,"Just Dance® DLC 3"
0x0100BEE017FC1004,0,"Just Dance® DLC 4"
0x0100BEE017FC1005,0,"Just Dance® DLC 5"
0x0100BEE017FC1009,0,"Just Dance® DLC 9"
0x0100BEE017FC13E9,0,"Just Dance® DLC 1001"
0x010059301E612000,393216,"Hot Lap Racing"
0x010089A0197E4000,1114112,"Vampire Survivors"
0x010089A0197E5001,1114112,"Vampire Survivors DLC 1"
0x010089A0197E5002,1114112,"Vampire Survivors DLC 2"
0x010089A0197E5003,851968,"Vampire Survivors DLC 3"
0x010089A0197E5004,655360,"Vampire Survivors DLC 4"
0x010089A0197E5005,327680,"Vampire Survivors DLC 5"
0x0100F2300D4BA000,196608,"Darksiders Genesis"
0x0100D730151C8000,0,"Badland Game of the Year Edition"
0x01005B9002312000,589824,"The Binding of Isaac Afterbirth+"
0x010081E01A45C000,327680,"Bang-On Balls Chronicles"
0x010081E01A45D001,0,"Bang-On Balls Chronicles DLC 1"
0x010081E01A45D002,0,"Bang-On Balls Chronicles DLC 2"
0x010081E01A45D003,0,"Bang-On Balls Chronicles DLC 3"
0x010081E01A45D004,0,"Bang-On Balls Chronicles DLC 4"
0x0100A250097F0000,1441792,"DRAGON BALL FighterZ"
0x0100A250097F1001,0,"DRAGON BALL FighterZ DLC 1"
0x0100A250097F1002,0,"DRAGON BALL FighterZ DLC 2"
0x0100A250097F1003,0,"DRAGON BALL FighterZ DLC 3"
0x0100A250097F1004,0,"DRAGON BALL FighterZ DLC 4"
0x0100A250097F1005,0,"DRAGON BALL FighterZ DLC 5"
0x0100A250097F1006,0,"DRAGON BALL FighterZ DLC 6"
0x0100A250097F1007,0,"DRAGON BALL FighterZ DLC 7"
0x0100A250097F1008,0,"DRAGON BALL FighterZ DLC 8"
0x0100A250097F1009,0,"DRAGON BALL FighterZ DLC 9"
0x0100A250097F100A,0,"DRAGON BALL FighterZ DLC 10"
0x0100A250097F100B,0,"DRAGON BALL FighterZ DLC 11"
0x0100A250097F100C,0,"DRAGON BALL FighterZ DLC 12"
0x0100A250097F100D,0,"DRAGON BALL FighterZ DLC 13"
0x0100A250097F100E,0,"DRAGON BALL FighterZ DLC 14"
0x0100A250097F100F,0,"DRAGON BALL FighterZ DLC 15"
0x0100A250097F1010,0,"DRAGON BALL FighterZ DLC 16"
0x0100A250097F1011,0,"DRAGON BALL FighterZ DLC 17"
0x0100A250097F1012,0,"DRAGON BALL FighterZ DLC 18"
0x0100A250097F1013,0,"DRAGON BALL FighterZ DLC 19"
0x0100A250097F1014,0,"DRAGON BALL FighterZ DLC 20"
0x0100A250097F1015,0,"DRAGON BALL FighterZ DLC 21"
0x0100A250097F1016,65536,"DRAGON BALL FighterZ DLC 22"
0x0100A250097F1017,0,"DRAGON BALL FighterZ DLC 23"
0x0100A250097F1018,0,"DRAGON BALL FighterZ DLC 24"
0x0100A250097F1019,0,"DRAGON BALL FighterZ DLC 25"
0x0100A250097F101A,65536,"DRAGON BALL FighterZ DLC 26"
0x0100A250097F101B,65536,"DRAGON BALL FighterZ DLC 27"
0x0100A250097F101C,65536,"DRAGON BALL FighterZ DLC 28"
0x0100A250097F101D,0,"DRAGON BALL FighterZ DLC 29"
0x0100A250097F101E,0,"DRAGON BALL FighterZ DLC 30"
0x0100A250097F101F,0,"DRAGON BALL FighterZ DLC 31"
0x0100A250097F1020,0,"DRAGON BALL FighterZ DLC 32"
0x0100A250097F1021,0,"DRAGON BALL FighterZ DLC 33"
0x0100A250097F1022,0,"DRAGON BALL FighterZ DLC 34"
0x01008D300C50C000,1507328,"Super Nintendo Entertainment System - Nintendo Switch Online"
0x0100E62012D3C000,65536,"BIT.TRIP RUNNER"
0x0100A6901967E000,131072,"Sven - Completely Screwed"
0x0100ADD00E17E000,524288,"Heave Ho"
0x010017A01AAB8000,786432,"Ember Knights"
0x010017A01AAB9001,0,"Ember Knights DLC 1"
0x01009C8009026000,196608,"LIMBO"
0x010001300D14A000,458752,"Castle Crashers Remastered"
0x0100B3F000BE2000,458752,"POKKÉN TOURNAMENT DX"
0x0100B3F000BE3001,65536,"POKKÉN TOURNAMENT DX DLC 1"
0x0100B3F000BE3002,65536,"POKKÉN TOURNAMENT DX DLC 2"
0x0100D5A01BA1A000,0,"Neo Sprint"
0x01009C001FDFC000,0,"Crazy Stars Sport Climbing"
0x0100FFE01DBFE000,327680,"Party Party Time 2"
0x01002B30028F6000,458752,"Celeste"
0x0500AE5003EE6000,0,"The Jackbox Party Pack"
0x01007BA01B9B2000,65536,"Pummel Party"
0x0100A6300B250000,131072,"Sega Genesis Classics"
0x0100F2C0115B6000,393216,"The Legend of Zelda Tears of the Kingdom"
0x010012101468C000,0,"Metroid Prime Remastered"
0x0100F9C012142000,262144,"MageQuit"
0x010073401B8DE000,0,"METAL SLUG ATTACK RELOADED"
0x0100423009358000,524288,"Death Road to Canada"
0x010026301785A000,917504,"Goonya Monster"
0x010026301785B001,0,"Goonya Monster DLC 1"
0x010026301785B002,0,"Goonya Monster DLC 2"
0x010026301785B003,0,"Goonya Monster DLC 3"
0x010026301785B004,0,"Goonya Monster DLC 4"
0x010026301785B005,0,"Goonya Monster DLC 5"
0x010026301785B006,0,"Goonya Monster DLC 6"
0x010026301785B007,0,"Goonya Monster DLC 7"
0x010026301785B008,0,"Goonya Monster DLC 8"
0x010026301785B009,0,"Goonya Monster DLC 9"
0x010026301785B00A,0,"Goonya Monster DLC 10"
0x010026301785B00B,0,"Goonya Monster DLC 11"
0x010026301785B00C,0,"Goonya Monster DLC 12"
0x010026301785B00D,0,"Goonya Monster DLC 13"
0x010026301785B00E,0,"Goonya Monster DLC 14"
0x010026301785B00F,0,"Goonya Monster DLC 15"
0x010026301785B010,0,"Goonya Monster DLC 16"
0x010026301785B011,0,"Goonya Monster DLC 17"
0x010026301785B012,0,"Goonya Monster DLC 18"
0x010026301785B013,0,"Goonya Monster DLC 19"
0x010026301785B014,0,"Goonya Monster DLC 20"
0x010026301785B015,0,"Goonya Monster DLC 21"
0x010026301785B016,0,"Goonya Monster DLC 22"
0x010026301785B017,0,"Goonya Monster DLC 23"
0x010026301785B018,0,"Goonya Monster DLC 24"
0x010026301785B019,0,"Goonya Monster DLC 25"
0x010026301785B01A,0,"Goonya Monster DLC 26"
0x010026301785B01B,0,"Goonya Monster DLC 27"
0x010026301785B01C,0,"Goonya Monster DLC 28"
0x010026301785B01D,0,"Goonya Monster DLC 29"
0x010026301785B01E,0,"Goonya Monster DLC 30"
0x010026301785B01F,0,"Goonya Monster DLC 31"
0x010026301785B020,0,"Goonya Monster DLC 32"
0x010026301785B021,0,"Goonya Monster DLC 33"
0x010026301785B022,0,"Goonya Monster DLC 34"
0x010026301785B023,0,"Goonya Monster DLC 35"
0x010026301785B024,0,"Goonya Monster DLC 36"
0x010026301785B025,0,"Goonya Monster DLC 37"
0x010026301785B026,0,"Goonya Monster DLC 38"
0x010026301785B027,0,"Goonya Monster DLC 39"
0x010026301785B028,0,"Goonya Monster DLC 40"
0x010026301785B029,0,"Goonya Monster DLC 41"
0x010026301785B02A,0,"Goonya Monster DLC 42"
0x010026301785B02B,0,"Goonya Monster DLC 43"
0x010026301785B02C,0,"Goonya Monster DLC 44"
0x010026301785B02D,0,"Goonya Monster DLC 45"
0x010026301785B02E,0,"Goonya Monster DLC 46"
0x0100B7C00933A000,131072,"Pikmin 4"
0x010004D00D32A000,65536,"Zombieland Double Tap - Road Trip"
0x0100FD1014726000,65536,"Baldur's Gate Dark Alliance"
0x0100DFC01D57A000,65536,"Worms Armageddon Anniversary Edition"
0x010012800EBAE000,262144,"Disney Tsum Tsum Festival"
0x010012800EBAF005,0,"Disney Tsum Tsum Festival DLC 5"
0x010012800EBAF3ED,0,"Disney Tsum Tsum Festival DLC 1005"
0x010012800EBAF3EE,0,"Disney Tsum Tsum Festival DLC 1006"
0x010012800EBAF3EF,0,"Disney Tsum Tsum Festival DLC 1007"
0x010012800EBAF3F0,0,"Disney Tsum Tsum Festival DLC 1008"
0x010012800EBAF3F1,0,"Disney Tsum Tsum Festival DLC 1009"
0x010012800EBAF3F2,0,"Disney Tsum Tsum Festival DLC 1010"
0x010012800EBAF3F3,0,"Disney Tsum Tsum Festival DLC 1011"
0x010012800EBAF3F4,0,"Disney Tsum Tsum Festival DLC 1012"
0x010012800EBAF3F5,0,"Disney Tsum Tsum Festival DLC 1013"
0x010012800EBAF3F6,0,"Disney Tsum Tsum Festival DLC 1014"
0x0100B3C014BDA000,655360,"SEGA Mega Drive - Nintendo Switch Online"
0x0100C9A00ECE6000,1507328,"Nintendo 64 – Nintendo Switch Online"
0x0100BBF011394000,393216,"Dicey Dungeons"
0x01008C001A070000,0,"Bone's Cafe"
0x01001510166E2000,65536,"Amazing Chicken Adventures"
0x0100C7D00FA18000,65536,"Chompy Chomp Chomp Party"
0x0100C7D00FA19001,65536,"Chompy Chomp Chomp Party DLC 1"
0x0100B87017D94000,327680,"SUPER BOMBERMAN R 2"
0x0100F2B012E62000,0,"METAL SLUG 1ST MISSION"
0x01A1B77F15D90000,0,"Bushido Blade 2 (PS1)"
0x012224ABCE8A0000,0,"Daytona USA (Dreamcast)"
0x01007330027EE000,131072,"ULTRA STREET FIGHTER® II The Final Challengers"
0x01000B900D8B0000,458752,"Cadence of Hyrule Crypt of the NecroDancer featuring The Legend of Zelda"
0x01000B900D8B1001,327680,"Cadence of Hyrule Crypt of the NecroDancer featuring The Legend of Zelda DLC 1"
0x01000B900D8B1002,393216,"Cadence of Hyrule Crypt of the NecroDancer featuring The Legend of Zelda DLC 2"
0x01000B900D8B1003,393216,"Cadence of Hyrule Crypt of the NecroDancer featuring The Legend of Zelda DLC 3"
0x01000B900D8B1004,327680,"Cadence of Hyrule Crypt of the NecroDancer featuring The Legend of Zelda DLC 4"
0x010071F00D65A000,196608,"Wilmot's Warehouse"
0x01008DD013200000,131072,"Ori and the Will of the Wisps"
0x0100CC00102B4000,196608,"Tony Hawk’s™ Pro Skater™ 1 + 2"
0x0100CC00102B5001,65536,"Tony Hawk’s™ Pro Skater™ 1 + 2 DLC 1"
0x0100CC00102B5003,65536,"Tony Hawk’s™ Pro Skater™ 1 + 2 DLC 3"
0x0100CC00102B5004,65536,"Tony Hawk’s™ Pro Skater™ 1 + 2 DLC 4"
0x0100A1C00359C000,262144,"TowerFall"
0x01002D4007AE0000,131072,"Mega Man Legacy Collection"
0x010045501E386000,65536,"Ultra Foodmess 2"
0x010001701248C000,262144,"Super Monkey Ball Banana Mania"
0x010001701248D001,0,"Super Monkey Ball Banana Mania DLC 1"
0x010001701248D002,0,"Super Monkey Ball Banana Mania DLC 2"
0x010001701248D003,65536,"Super Monkey Ball Banana Mania DLC 3"
0x010001701248D004,65536,"Super Monkey Ball Banana Mania DLC 4"
0x010001701248D005,0,"Super Monkey Ball Banana Mania DLC 5"
0x010001701248D006,0,"Super Monkey Ball Banana Mania DLC 6"
0x010001701248D009,0,"Super Monkey Ball Banana Mania DLC 9"
0x010001701248D00A,0,"Super Monkey Ball Banana Mania DLC 10"
0x010001701248D00B,0,"Super Monkey Ball Banana Mania DLC 11"
0x010001701248D00C,0,"Super Monkey Ball Banana Mania DLC 12"
0x01003BA01575E000,131072,"Nickelodeon Kart Racers 3 Slime Speedway"
0x01003BA01575F001,0,"Nickelodeon Kart Racers 3 Slime Speedway DLC 1"
0x0100A74013F08000,524288,"Move or Die Unleashed"
0x0100E0601C632000,65536,"Nintendo 64 – Nintendo Switch Online Mature"
0x0100F9F00C696000,983040,"Crash™ Team Racing Nitro-Fueled"
0x0100F9F00C697001,131072,"Crash™ Team Racing Nitro-Fueled DLC 1"
0x0100F9F00C697002,131072,"Crash™ Team Racing Nitro-Fueled DLC 2"
0x0100F9F00C697003,0,"Crash™ Team Racing Nitro-Fueled DLC 3"
0x0100F9F00C697004,0,"Crash™ Team Racing Nitro-Fueled DLC 4"
0x0100F9F00C697005,0,"Crash™ Team Racing Nitro-Fueled DLC 5"
0x0100F9F00C697006,0,"Crash™ Team Racing Nitro-Fueled DLC 6"
0x0100F9F00C697007,0,"Crash™ Team Racing Nitro-Fueled DLC 7"
0x0100F9F00C697008,0,"Crash™ Team Racing Nitro-Fueled DLC 8"
0x0100C9F01B526000,0,"The Jackbox Party Pack 10"
0x05005A400DB52000,65536,"The Jackbox Party Pack 6"
0x050050F015280000,0,"The Jackbox Party Pack 8"
0x0500BFB018134000,0,"The Jackbox Party Pack 9"
0x0500F7800A434000,0,"Drawful 2"
0x010031F019294000,393216,"Super Monkey Ball Banana Rumble"
0x010031F019295001,0,"Super Monkey Ball Banana Rumble DLC 1"
0x010031F019295002,0,"Super Monkey Ball Banana Rumble DLC 2"
0x010031F019295003,0,"Super Monkey Ball Banana Rumble DLC 3"
0x010031F019295004,0,"Super Monkey Ball Banana Rumble DLC 4"
0x010031F019295005,0,"Super Monkey Ball Banana Rumble DLC 5"
0x010031F019295006,0,"Super Monkey Ball Banana Rumble DLC 6"
0x010031F019295007,0,"Super Monkey Ball Banana Rumble DLC 7"
0x010031F019295008,0,"Super Monkey Ball Banana Rumble DLC 8"
0x010031F019295009,0,"Super Monkey Ball Banana Rumble DLC 9"
0x010031F01929500A,0,"Super Monkey Ball Banana Rumble DLC 10"
0x010031F01929500B,0,"Super Monkey Ball Banana Rumble DLC 11"
0x010031F01929500C,0,"Super Monkey Ball Banana Rumble DLC 12"
0x010031F01929500D,0,"Super Monkey Ball Banana Rumble DLC 13"
0x010031F01929500E,0,"Super Monkey Ball Banana Rumble DLC 14"
0x010031F01929500F,0,"Super Monkey Ball Banana Rumble DLC 15"
0x010031F019295010,0,"Super Monkey Ball Banana Rumble DLC 16"
0x010031F019295011,0,"Super Monkey Ball Banana Rumble DLC 17"
0x010031F019295012,0,"Super Monkey Ball Banana Rumble DLC 18"
0x010031F019295013,0,"Super Monkey Ball Banana Rumble DLC 19"
0x010031F019295014,0,"Super Monkey Ball Banana Rumble DLC 20"
0x010031F019295015,0,"Super Monkey Ball Banana Rumble DLC 21"
0x010031F019295016,0,"Super Monkey Ball Banana Rumble DLC 22"
0x010031F019295017,0,"Super Monkey Ball Banana Rumble DLC 23"
0x010031F019295018,0,"Super Monkey Ball Banana Rumble DLC 24"
0x010031F019295019,0,"Super Monkey Ball Banana Rumble DLC 25"
0x010031F01929501A,0,"Super Monkey Ball Banana Rumble DLC 26"
0x010031F01929501B,0,"Super Monkey Ball Banana Rumble DLC 27"
0x010031F01929501C,0,"Super Monkey Ball Banana Rumble DLC 28"
0x010031F01929501D,0,"Super Monkey Ball Banana Rumble DLC 29"
0x010031F01929501E,0,"Super Monkey Ball Banana Rumble DLC 30"
0x010031F019295021,0,"Super Monkey Ball Banana Rumble DLC 33"
0x010031F019295022,0,"Super Monkey Ball Banana Rumble DLC 34"
0x010031F019295023,0,"Super Monkey Ball Banana Rumble DLC 35"
0x010031F019295024,0,"Super Monkey Ball Banana Rumble DLC 36"
0x010031F019295025,0,"Super Monkey Ball Banana Rumble DLC 37"
0x0100748009A28000,0,"Manual Samuel"
0x0100E9000C42C000,196608,"Tick Tock A Tale for Two"
0x0100EC9010258000,458752,"Streets of Rage 4"
0x0100EC9010259001,0,"Streets of Rage 4 DLC 1"
0x01002DD016E50000,131072,"CAPCOM FIGHTING COLLECTION"
0x01002DD016E51001,0,"CAPCOM FIGHTING COLLECTION DLC 1"
0x0100633007D48000,262144,"Hollow Knight"
0x01B1D0C0A6210000,0,"Power Stone 2 (Dreamcast)"
0x0100BC0018138000,65536,"Super Mario RPG"
0x01009BB00AD62000,65536,"Screencheat"
0x0100E5800D32C000,0,"Zombieland Double Tap - Road Trip"
0x01001DC018566000,131072,"Super Chicken Jumper"
0x0100AD10185F8000,131072,"Nintendo World Championships NES Edition"
0x0100F9301B30C000,327680,"Umamusume Pretty Derby – Party Dash"
0x01002730200E7002,0," DLC 2"
0x01009D0020FC1001,0," DLC 1"
0x01009D0020FC1002,0," DLC 2"
0x0100F60017D4E000,196608,"Bravery and Greed"
0x010012F017576000,720896,"Game Boy Advance – Nintendo Switch Online"
0x0100C62011050000,1114112,"Game Boy – Nintendo Switch Online"
0x0100DC801D85E000,262144,"Ready, Steady, Ship!"
0x010076D00E4BA000,1114112,"Risk of Rain 2"
0x010076D00E4BB001,0,"Risk of Rain 2 DLC 1"
0x010076D00E4BB002,0,"Risk of Rain 2 DLC 2"
0x01006B0016AD6000,1376256,"Taiko no Tatsujin Rhythm Festival"
0x01006B0016AD7005,0,"Taiko no Tatsujin Rhythm Festival DLC 5"
0x01006B0016AD7008,0,"Taiko no Tatsujin Rhythm Festival DLC 8"
0x01006B0016AD700B,0,"Taiko no Tatsujin Rhythm Festival DLC 11"
0x01006B0016AD700E,0,"Taiko no Tatsujin Rhythm Festival DLC 14"
0x01006B0016AD7011,0,"Taiko no Tatsujin Rhythm Festival DLC 17"
0x01006B0016AD7014,0,"Taiko no Tatsujin Rhythm Festival DLC 20"
0x01006B0016AD7017,0,"Taiko no Tatsujin Rhythm Festival DLC 23"
0x01006B0016AD701A,0,"Taiko no Tatsujin Rhythm Festival DLC 26"
0x01006B0016AD701D,0,"Taiko no Tatsujin Rhythm Festival DLC 29"
0x01006B0016AD7020,0,"Taiko no Tatsujin Rhythm Festival DLC 32"
0x01006B0016AD7023,0,"Taiko no Tatsujin Rhythm Festival DLC 35"
0x01006B0016AD7026,0,"Taiko no Tatsujin Rhythm Festival DLC 38"
0x01006B0016AD7029,0,"Taiko no Tatsujin Rhythm Festival DLC 41"
0x01006B0016AD702C,0,"Taiko no Tatsujin Rhythm Festival DLC 44"
0x01006B0016AD702F,0,"Taiko no Tatsujin Rhythm Festival DLC 47"
0x01006B0016AD7032,0,"Taiko no Tatsujin Rhythm Festival DLC 50"
0x01006B0016AD7035,0,"Taiko no Tatsujin Rhythm Festival DLC 53"
0x01006B0016AD7038,0,"Taiko no Tatsujin Rhythm Festival DLC 56"
0x01006B0016AD703B,0,"Taiko no Tatsujin Rhythm Festival DLC 59"
0x01006B0016AD703E,0,"Taiko no Tatsujin Rhythm Festival DLC 62"
0x01006B0016AD7041,0,"Taiko no Tatsujin Rhythm Festival DLC 65"
0x01006B0016AD7044,0,"Taiko no Tatsujin Rhythm Festival DLC 68"
0x01006B0016AD7047,0,"Taiko no Tatsujin Rhythm Festival DLC 71"
0x01006B0016AD704A,0,"Taiko no Tatsujin Rhythm Festival DLC 74"
0x01006B0016AD704D,0,"Taiko no Tatsujin Rhythm Festival DLC 77"
0x01006B0016AD7050,0,"Taiko no Tatsujin Rhythm Festival DLC 80"
0x01006B0016AD7056,0,"Taiko no Tatsujin Rhythm Festival DLC 86"
0x01006B0016AD705C,0,"Taiko no Tatsujin Rhythm Festival DLC 92"
0x01006B0016AD705F,0,"Taiko no Tatsujin Rhythm Festival DLC 95"
0x01006B0016AD7065,0,"Taiko no Tatsujin Rhythm Festival DLC 101"
0x01006B0016AD7068,0,"Taiko no Tatsujin Rhythm Festival DLC 104"
0x01006B0016AD706B,0,"Taiko no Tatsujin Rhythm Festival DLC 107"
0x01006B0016AD706E,0,"Taiko no Tatsujin Rhythm Festival DLC 110"
0x01006B0016AD7071,0,"Taiko no Tatsujin Rhythm Festival DLC 113"
0x01006B0016AD7074,0,"Taiko no Tatsujin Rhythm Festival DLC 116"
0x01006B0016AD7077,0,"Taiko no Tatsujin Rhythm Festival DLC 119"
0x01006B0016AD707A,0,"Taiko no Tatsujin Rhythm Festival DLC 122"
0x01006B0016AD707D,0,"Taiko no Tatsujin Rhythm Festival DLC 125"
0x01006B0016AD7080,0,"Taiko no Tatsujin Rhythm Festival DLC 128"
0x01006B0016AD7083,0,"Taiko no Tatsujin Rhythm Festival DLC 131"
0x01006B0016AD7086,0,"Taiko no Tatsujin Rhythm Festival DLC 134"
0x01006B0016AD7089,0,"Taiko no Tatsujin Rhythm Festival DLC 137"
0x01006B0016AD708C,0,"Taiko no Tatsujin Rhythm Festival DLC 140"
0x01006B0016AD708F,0,"Taiko no Tatsujin Rhythm Festival DLC 143"
0x01006B0016AD7092,0,"Taiko no Tatsujin Rhythm Festival DLC 146"
0x01006B0016AD7095,0,"Taiko no Tatsujin Rhythm Festival DLC 149"
0x01006B0016AD7098,0,"Taiko no Tatsujin Rhythm Festival DLC 152"
0x01006B0016AD709B,0,"Taiko no Tatsujin Rhythm Festival DLC 155"
0x01006B0016AD709E,0,"Taiko no Tatsujin Rhythm Festival DLC 158"
0x01006B0016AD70A1,0,"Taiko no Tatsujin Rhythm Festival DLC 161"
0x01006B0016AD70A4,0,"Taiko no Tatsujin Rhythm Festival DLC 164"
0x01006B0016AD70A7,0,"Taiko no Tatsujin Rhythm Festival DLC 167"
0x0100CC80140F8000,262144,"TRIANGLE STRATEGY"
0x010039F01AF5A000,917504,"Trombone Champ"
0x010085500D5F6000,196608,"Turok"
0x01003AB00983C000,196608,"Lethal League Blaze"
0x01003AB00983D00A,0,"Lethal League Blaze DLC 10"
0x01003AB00983D014,0,"Lethal League Blaze DLC 20"
0x01003AB00983D01E,0,"Lethal League Blaze DLC 30"
0x01003AB00983D028,0,"Lethal League Blaze DLC 40"
0x01003AB00983D032,0,"Lethal League Blaze DLC 50"
0x01003AB00983D03C,0,"Lethal League Blaze DLC 60"
0x01003AB00983D046,0,"Lethal League Blaze DLC 70"
0x01003AB00983D050,0,"Lethal League Blaze DLC 80"
0x01003AB00983D05A,0,"Lethal League Blaze DLC 90"
0x01003AB00983D064,0,"Lethal League Blaze DLC 100"
0x01003AB00983D06E,0,"Lethal League Blaze DLC 110"
0x01003AB00983D078,0,"Lethal League Blaze DLC 120"
0x01003AB00983D082,0,"Lethal League Blaze DLC 130"
0x01003E80178A0000,589824,"Them's Fightin' Herds"
0x01003E80178A1001,0,"Them's Fightin' Herds DLC 1"
0x01003E80178A1002,0,"Them's Fightin' Herds DLC 2"
0x01003E80178A1003,0,"Them's Fightin' Herds DLC 3"
0x01003E80178A1004,0,"Them's Fightin' Herds DLC 4"
0x01003E80178A1005,0,"Them's Fightin' Herds DLC 5"
0x01347A1AE43A0000,0,"Tekken 3 (PS1)"
0x01006DA00DEAC000,0,"Star Wars™ Pinball"
0x0100A4200A284000,393216,"LUMINES REMASTERED"
0x010019401051C000,393216,"Mario Strikers Battle League Football"
0x01006F900BF8E000,65536,"Everybody 1-2-Switch!"
0x01001AE005166000,262144,"Worms W.M.D"
0x0100AFC00A680000,65536,"Pitfall Planet"
0x010046B01820C000,262144,"Camped Out!"
0x01001B601CDFA000,65536,"Geometric Brothers"
0x0100471018F60000,196608,"Blaloon Blalympia2"
0x0100563010E0C000,0,"WarioWare Get It Together!"
0x010080B00AD66000,131072,"Undertale"
0x01D39E6FD8010000,0,"Marvel vs. Capcom - Clash of Super Heroes (PS1)"
0x01C4A291BE310000,0,"Marvel Super Heroes (PS1)"
0x010010A00DA48000,262144,"Baldur's Gate and Baldur's Gate II Enhanced Editions"
0x010010A00DA49001,0,"Baldur's Gate and Baldur's Gate II Enhanced Editions DLC 1"
0x010010A00DA49002,0,"Baldur's Gate and Baldur's Gate II Enhanced Editions DLC 2"
0x0100701001D92000,131072,"Human Resource Machine"
0x0100E5D00CC0C000,65536,"Unravel TWO"
0x0100B2700E90E000,393216,"Brunch Club"
0x0100B41013C82000,131072,"Cruis'n Blast"
0x010028600EBDA000,65536,"Super Mario 3D World + Bowser's Fury"
0x01003C401895E000,131072,"Garfield Lasagna Party"
0x010091D01597C000,131072,"Arkanoid - Eternal Battle"
0x010091D01597D001,65536,"Arkanoid - Eternal Battle DLC 1"
0x010091D01597D002,65536,"Arkanoid - Eternal Battle DLC 2"
0x0100787014460000,131072,"Nobody Saves the World"
0x0100787014461001,0,"Nobody Saves the World DLC 1"
0x01BE883BEA910000,0,"Marvel Super Heroes vs. Street Fighter (PS1)"
0x0100BDE008218000,262144,"Hotshot Racing"
0x0100ADF00700E000,131072,"Runbow"
0x0100ADF00700F001,65536,"Runbow DLC 1"
0x0100ADF00700F002,65536,"Runbow DLC 2"
0x0100ADF00700F003,65536,"Runbow DLC 3"
0x0100ADF00700F004,65536,"Runbow DLC 4"
0x0100ADF00700F005,65536,"Runbow DLC 5"
0x0100EB6018686000,458752,"The Rumble Fish 2"
0x0100EB6018687001,0,"The Rumble Fish 2 DLC 1"
0x0100EB6018687002,0,"The Rumble Fish 2 DLC 2"
0x0100EB6018687003,0,"The Rumble Fish 2 DLC 3"
0x0100BD9015B54000,262144,"Cobra Kai 2 Dojos Rising"
0x0100BD9015B55001,0,"Cobra Kai 2 Dojos Rising DLC 1"
0x01009D60076F6000,1048576,"Enter the Gungeon"
0x010085A00821A000,131072,"ClusterPuck 99"
0x010027F017B12000,196608,"Inscryption"
0x01F4287B89950000,0,"Quake III - Arena (Dreamcast)"
0x010EE2B80FE60000,0,"Crash Bash (PS1)"
0x01EB2C00DC480000,0,"Bushido Blade (PS1)"
0x010026300BA4A000,524288,"Slay the Spire"
0x01009790186FE000,196608,"Smurfs Kart"
0x01CE7C8626720000,0,"The Simpsons Hit & Run"
0x0100FA401961E000,327680,"Disney Illusion Island"
0x0100DA801624E000,196608,"Tunic"
0x01000CA004DCA000,1441792,"Human Fall Flat"
0x010079E01A1E0000,65536,"Puzzle Bobble Everybubble!"
0x010024C001224000,65536,"PAC-MAN CHAMPIONSHIP EDITION 2 PLUS"
0x010010900F7B4000,196608,"BUBBLE BOBBLE 4 FRIENDS"
0x01007EE01D93A000,65536,"Vivitter"
0x01007EE01D93B001,0,"Vivitter DLC 1"
0x01007EE01D93B002,0,"Vivitter DLC 2"
0x01007EE01D93B003,0,"Vivitter DLC 3"
0x01007EE01D93B004,0,"Vivitter DLC 4"
0x01007EE01D93B005,0,"Vivitter DLC 5"
0x01007EE01D93B006,0,"Vivitter DLC 6"
0x01007EE01D93B007,0,"Vivitter DLC 7"
0x01007EE01D93B008,0,"Vivitter DLC 8"
0x01007EE01D93B009,0,"Vivitter DLC 9"
0x01007EE01D93B00A,0,"Vivitter DLC 10"
0x01007EE01D93B00B,0,"Vivitter DLC 11"
0x01007EE01D93B00C,0,"Vivitter DLC 12"
0x01007EE01D93B00D,0,"Vivitter DLC 13"
0x01007EE01D93B00E,0,"Vivitter DLC 14"
0x01007EE01D93B00F,0,"Vivitter DLC 15"
0x01007EE01D93B010,0,"Vivitter DLC 16"
0x01007EE01D93B011,0,"Vivitter DLC 17"
0x01007EE01D93B012,0,"Vivitter DLC 18"
0x01007EE01D93B013,0,"Vivitter DLC 19"
0x01007EE01D93B014,0,"Vivitter DLC 20"
0x01007EE01D93B015,0,"Vivitter DLC 21"
0x01007EE01D93B016,0,"Vivitter DLC 22"
0x01007EE01D93B017,0,"Vivitter DLC 23"
0x01007EE01D93B018,0,"Vivitter DLC 24"
0x01007EE01D93B019,0,"Vivitter DLC 25"
0x01007EE01D93B01A,0,"Vivitter DLC 26"
0x01007EE01D93B01B,0,"Vivitter DLC 27"
0x01006F80082E4000,131072,"GUILTY GEAR XX ΛCORE PLUS R"
0x010009E001D90000,131072,"World of Goo"
0x0100846016572000,589824,"SpiderHeck"
0x0100846016573001,0,"SpiderHeck DLC 1"
0x01004AD014BF0000,458752,"Sonic Frontiers"
0x01004AD014BF1001,0,"Sonic Frontiers DLC 1"
0x01004AD014BF1002,0,"Sonic Frontiers DLC 2"
0x01004AD014BF1003,0,"Sonic Frontiers DLC 3"
0x01004AD014BF1008,0,"Sonic Frontiers DLC 8"
0x01004AD014BF1009,0,"Sonic Frontiers DLC 9"
0x0100AF500EF0C000,393216,"Windjammers 2"
0x010016101100A000,0,"The House in Fata Morgana - Dreams of the Revenants Edition"
0x01007E100456C000,262144,"Guacamelee! 2"
0x01007E100456D001,0,"Guacamelee! 2 DLC 1"
0x01007E100456D002,0,"Guacamelee! 2 DLC 2"
0x010048800B638000,196608,"WINDJAMMERS"
0x019B982E14910000,0,"Wacky Races (Dreamcast)"
0x010051F00AC5E000,0,"SEGA AGES SONIC THE HEDGEHOG"
0x0500CC80013D6000,0,"The Jackbox Party Pack 3"
0x010092B01C6CC000,0,"Nice Disc The Last Hot Blood"
0x0100D4D00AC62000,65536,"SEGA AGES OUTRUN"
0x010008D0129E6000,65536,"Slap City"
0x010073F015150000,0,"Bloody Rally Show"
0x0100A4A015FF0000,65536,"Winter Games 2023"
0x0100D76017804000,65536,"Dino Galaxy Tennis"
0x0100A0701949E000,262144,"Jitsu Squad"
0x01002D501836E000,327680,"Josh Journey Darkness Totems"
0x0100B95016F16000,262144,"Live by the Sword Tactics"
0x01002C70149B4000,524288,"Mayhem Brawler"
0x010065D018172000,327680,"Moving Out 2"
0x010065D018173001,0,"Moving Out 2 DLC 1"
0x0100D2700DE7C000,655360,"Rivals of Aether"
0x01006990184DC000,327680,"Samba de Amigo  Party Central"
0x01006990184DD001,0,"Samba de Amigo  Party Central DLC 1"
0x01006990184DD003,0,"Samba de Amigo  Party Central DLC 3"
0x01006990184DD004,0,"Samba de Amigo  Party Central DLC 4"
0x01006990184DD005,0,"Samba de Amigo  Party Central DLC 5"
0x01006990184DD006,0,"Samba de Amigo  Party Central DLC 6"
0x01006990184DD007,0,"Samba de Amigo  Party Central DLC 7"
0x01006990184DD008,0,"Samba de Amigo  Party Central DLC 8"
0x01006990184DD009,0,"Samba de Amigo  Party Central DLC 9"
0x01006990184DD00A,0,"Samba de Amigo  Party Central DLC 10"
0x01006990184DD00B,0,"Samba de Amigo  Party Central DLC 11"
0x01006990184DD00C,0,"Samba de Amigo  Party Central DLC 12"
0x01006990184DD00D,0,"Samba de Amigo  Party Central DLC 13"
0x01006990184DD00E,0,"Samba de Amigo  Party Central DLC 14"
0x01006990184DD00F,0,"Samba de Amigo  Party Central DLC 15"
0x01006990184DD010,0,"Samba de Amigo  Party Central DLC 16"
0x01006990184DD011,0,"Samba de Amigo  Party Central DLC 17"
0x01006990184DD012,0,"Samba de Amigo  Party Central DLC 18"
0x01006990184DD013,0,"Samba de Amigo  Party Central DLC 19"
0x01006990184DD014,0,"Samba de Amigo  Party Central DLC 20"
0x01006990184DD015,0,"Samba de Amigo  Party Central DLC 21"
0x01006990184DD016,0,"Samba de Amigo  Party Central DLC 22"
0x01006990184DD017,0,"Samba de Amigo  Party Central DLC 23"
0x01006990184DD018,0,"Samba de Amigo  Party Central DLC 24"
0x01006990184DD019,0,"Samba de Amigo  Party Central DLC 25"
0x01006990184DD01A,0,"Samba de Amigo  Party Central DLC 26"
0x01006990184DD01B,0,"Samba de Amigo  Party Central DLC 27"
0x01006990184DD01C,0,"Samba de Amigo  Party Central DLC 28"
0x01006990184DD01D,0,"Samba de Amigo  Party Central DLC 29"
0x01006990184DD01E,0,"Samba de Amigo  Party Central DLC 30"
0x01006990184DD01F,0,"Samba de Amigo  Party Central DLC 31"
0x01006990184DD023,0,"Samba de Amigo  Party Central DLC 35"
0x01006990184DD024,0,"Samba de Amigo  Party Central DLC 36"
0x010076901806C000,327680,"Ship of Fools"
0x010076901806D001,65536,"Ship of Fools DLC 1"
0x010076901806D002,65536,"Ship of Fools DLC 2"
0x010024201834A000,196608,"THEATRHYTHM FINAL BAR LINE"
0x010024201834B001,0,"THEATRHYTHM FINAL BAR LINE DLC 1"
0x010024201834B00E,0,"THEATRHYTHM FINAL BAR LINE DLC 14"
0x010024201834B00F,0,"THEATRHYTHM FINAL BAR LINE DLC 15"
0x010024201834B012,0,"THEATRHYTHM FINAL BAR LINE DLC 18"
0x0100E2701A888000,327680,"Trine 5 A Clockwork Conspiracy"
0x0100D67017098000,196608,"You Suck At Parking"
0x0100D67017099001,0,"You Suck At Parking DLC 1"
0x017CACF2725F0000,0,"The Simpsons Arcade Game"
0x0100300012F2A000,0,"Advance Wars 1+2 Re-Boot Camp"
0x0500E1F003EE8000,65536,"The Jackbox Party Pack 4"
0x01006BB00C6F0000,65536,"The Legend of Zelda Link's Awakening"
0x0100BA5012E54000,458752,"Quake"
0x050015D003EE4000,0,"The Jackbox Party Pack 2"
0x016D1063EEA20000,0,"Tekken 2 (PS1)"
0x0500814017CB6000,0,"The Jackbox Party Starter"
0x050015A0113E0000,0,"Quiplash"
0x010045B018EC2000,0,"WarioWare Move It!"
0x05006FE0096AC000,65536,"The Jackbox Party Pack 5"
0x0100F900046C4000,65536,"Mercenary Kings"
0x010079300AD54000,327680,"Full Metal Furies"
0x010079A0118B6000,131072,"Shatter Remastered Deluxe"
0x0100379013A62000,393216,"Very Very Valet"
0x0100379013A63001,0,"Very Very Valet DLC 1"
0x0100FED015EDE000,131072,"Elevator Action Returns S-Tribute"
0x010009F01822C000,65536,"In Extremis DX"
0x010036901472E000,65536,"The Artful Escape"
0x010049900F546000,196608,"Super Mario 3D All-Stars"
0x010086B00BB50000,1900544,"Farm Together"
0x010086B00BB51001,0,"Farm Together DLC 1"
0x010086B00BB51002,0,"Farm Together DLC 2"
0x010086B00BB51003,0,"Farm Together DLC 3"
0x010086B00BB51004,0,"Farm Together DLC 4"
0x010086B00BB51005,0,"Farm Together DLC 5"
0x010086B00BB51006,0,"Farm Together DLC 6"
0x010086B00BB51007,0,"Farm Together DLC 7"
0x010086B00BB51008,0,"Farm Together DLC 8"
0x010086B00BB51009,0,"Farm Together DLC 9"
0x010086B00BB5100A,0,"Farm Together DLC 10"
0x010086B00BB5100B,0,"Farm Together DLC 11"
0x010086B00BB5100C,0,"Farm Together DLC 12"
0x010086B00BB5100D,0,"Farm Together DLC 13"
0x010086B00BB5100E,0,"Farm Together DLC 14"
0x010086B00BB5100F,0,"Farm Together DLC 15"
0x010086B00BB51010,0,"Farm Together DLC 16"
0x010033E014E3E000,131072,"Undead Battle Royale"
0x017558193CBB0000,0,"Tekken (PS1)"
0x010090A018F94000,65536,"QUByte Classics The Samurai Collection by PIKO"
0x018EEEBE35D50000,0,"Unreal Tournament (Dreamcast)"
0x016B318BD5C20000,0,"ChuChu Rocket! (Dreamcast)"
0x0100F2900B3E2000,851968,"Killer Queen Black"
0x010054400D2E6000,65536,"SEGA AGES VIRTUA RACING"
0x01A65FAE85F20000,0,"Super Smash Bros. (N64-USA) "
0x01F80410AEAD0000,0,"Super Mario Bros FRUSTRATION Mod (NES)"
0x010088900E330000,65536,"Vitamin Connection"
0x01008C7017DD8000,196608,"Robotry!"
0x0100ACB0187C0000,393216,"RichMan11"
0x0100C7D00E730000,589824,"Fight'N Rage"
0x0100FDB0154E4000,262144,"Teenage Mutant Ninja Turtles The Cowabunga Collection"
0x0100512010728000,393216,"Totally Reliable Delivery Service"
0x0100512010729001,0,"Totally Reliable Delivery Service DLC 1"
0x0100512010729002,0,"Totally Reliable Delivery Service DLC 2"
0x0100512010729003,0,"Totally Reliable Delivery Service DLC 3"
0x01005FF002E2A000,131072,"Rayman Legends Definitive Edition"
0x0100D7000C2C6000,131072,"Katamari Damacy REROLL"
0x01006C60195B0000,131072,"Missile Command Recharged"
0x0100B1E0100A4000,131072,"Voxel Galaxy"
0x0100284007D6C000,131072,"Super One More Jump"
0x0100DB7003828000,786432,"Pinball FX3"
0x0100DB7003829001,65536,"Pinball FX3 DLC 1"
0x0100DB7003829002,65536,"Pinball FX3 DLC 2"
0x0100DB7003829003,65536,"Pinball FX3 DLC 3"
0x0100DB7003829004,65536,"Pinball FX3 DLC 4"
0x0100DB7003829005,65536,"Pinball FX3 DLC 5"
0x0100DB7003829006,65536,"Pinball FX3 DLC 6"
0x0100DB7003829007,65536,"Pinball FX3 DLC 7"
0x0100DB7003829008,65536,"Pinball FX3 DLC 8"
0x0100DB7003829009,65536,"Pinball FX3 DLC 9"
0x0100DB700382900A,65536,"Pinball FX3 DLC 10"
0x0100DB700382900B,131072,"Pinball FX3 DLC 11"
0x0100DB700382900C,65536,"Pinball FX3 DLC 12"
0x0100DB700382900D,65536,"Pinball FX3 DLC 13"
0x0100DB700382900E,196608,"Pinball FX3 DLC 14"
0x0100DB700382900F,131072,"Pinball FX3 DLC 15"
0x0100DB7003829010,196608,"Pinball FX3 DLC 16"
0x0100DB7003829011,131072,"Pinball FX3 DLC 17"
0x0100DB7003829012,65536,"Pinball FX3 DLC 18"
0x0100DB7003829013,65536,"Pinball FX3 DLC 19"
0x0100DB7003829014,65536,"Pinball FX3 DLC 20"
0x0100DB7003829015,65536,"Pinball FX3 DLC 21"
0x010064E00A932000,65536,"Trine 2"
0x010094E00B52E000,65536,"CAPCOM BEAT 'EM UP BUNDLE"
0x0100B2C00682E000,262144,"99Vidas"
0x01000D200C614000,0,"SEGA AGES SONIC THE HEDGEHOG 2"
0x0100E11015EE2000,65536,"Cleopatra Fortune S-Tribute"
0x0100D250083B4000,196608,"Salt And Sanctuary"
0x010004100FBB0000,65536,"Chapeau"
0x010088C0092FE000,131072,"Carnival Games®"
0x0100DEC01622A000,131072,"Chicory A Colorful Tale"
0x0100D03003F0E000,262144,"Nine Parchments"
0x010055E00CA68000,196608,"Trine 4 The Nightmare Prince"
0x010055E00CA69001,0,"Trine 4 The Nightmare Prince DLC 1"
0x010055E00CA69009,0,"Trine 4 The Nightmare Prince DLC 9"
0x01006000040C2000,65536,"Yoshi's Crafted World"
